USE InfinitMarketDB
INSERT INTO [dbo].[AspNetUsers] ([Id], [UserName], [NormalizedUserName], [Email], [NormalizedEmail], [EmailConfirmed], [PasswordHash], [SecurityStamp], [ConcurrencyStamp], [PhoneNumber], [PhoneNumberConfirmed], [TwoFactorEnabled], [LockoutEnd], [LockoutEnabled], [AccessFailedCount]) VALUES ('85f9651e-e780-4bbe-8ff4-48dd0ab285e6', 'elira.gashi@outlook.com', 'ELIRA.GASHI@OUTLOOK.COM', 'elira.gashi@outlook.com', 'ELIRA.GASHI@OUTLOOK.COM', 0, 'AQAAAAEAACcQAAAAEFKLd4c+YMtP3gVNVmoGI5lp1VplNgb6MJ3wEoILt20uJbX45ljhktSOaeHNobG4Hg==', 'DLZQ6P5EVJ7YOMMVHWWRPUB3RDOCBEYQ', '7819abb7-3bc8-4c6a-8e5c-7f872bb9c904', NULL, 0, 0, NULL, 1, 0);
INSERT INTO [dbo].[AspNetUsers] ([Id], [UserName], [NormalizedUserName], [Email], [NormalizedEmail], [EmailConfirmed], [PasswordHash], [SecurityStamp], [ConcurrencyStamp], [PhoneNumber], [PhoneNumberConfirmed], [TwoFactorEnabled], [LockoutEnd], [LockoutEnabled], [AccessFailedCount]) VALUES ('b10553ea-caa3-4e04-9ff4-68ea2314a428', 'bekim.nikqi@yahoo.com', 'BEKIM.NIKQI@YAHOO.COM', 'bekim.nikqi@yahoo.com', 'BEKIM.NIKQI@YAHOO.COM', 0, 'AQAAAAEAACcQAAAAEA5jBTMAWOuKc41DRtm+87wfi28FZ9F80wM9y9qFOq5Bl692sO5osc2n2Mb44vdxmg==', 'YV5EWDOWHYNNW4V4T6HZXVTU7JE4ZFC3', '4ddb46e3-a443-447b-af5f-a6fc5f5eecc5', NULL, 0, 0, NULL, 1, 0);
INSERT INTO [dbo].[AspNetUsers] ([Id], [UserName], [NormalizedUserName], [Email], [NormalizedEmail], [EmailConfirmed], [PasswordHash], [SecurityStamp], [ConcurrencyStamp], [PhoneNumber], [PhoneNumberConfirmed], [TwoFactorEnabled], [LockoutEnd], [LockoutEnabled], [AccessFailedCount]) VALUES ('b4899bb9-0db4-4be1-a8ac-1091395f715c', 'fjolla.berisha@hotmail.com', 'FJOLLA.BERISHA@HOTMAIL.COM', 'fjolla.berisha@hotmail.com', 'FJOLLA.BERISHA@HOTMAIL.COM', 0, 'AQAAAAEAACcQAAAAEH3bTvlNlE8YdNJi1ZziTxDvRJL5KPPs3yBMC0pwvbLrVH/LFmuT1bfb9gDBU8x+fw==', 'JLCZXWGDHPUUZLPWD26F7VWUCWLBN6J4', 'cca5c1eb-1f8c-4fb7-87a8-9e2363daeaca', NULL, 0, 0, NULL, 1, 0);
INSERT INTO [dbo].[AspNetUsers] ([Id], [UserName], [NormalizedUserName], [Email], [NormalizedEmail], [EmailConfirmed], [PasswordHash], [SecurityStamp], [ConcurrencyStamp], [PhoneNumber], [PhoneNumberConfirmed], [TwoFactorEnabled], [LockoutEnd], [LockoutEnabled], [AccessFailedCount]) VALUES ('c19d61d5-2259-48a2-8de0-d03514310220', 'arian.krasniqi@yahoo.com', 'ARIAN.KRASNIQI@YAHOO.COM', 'arian.krasniqi@yahoo.com', 'ARIAN.KRASNIQI@YAHOO.COM', 0, 'AQAAAAEAACcQAAAAEB55J3w5w/RpBKhxv3QIh/lfW2Na0B7aB0sjxFJTV6DQiMXwHeDeSiZjFQLgyMjGCg==', 'NRNNC3DU6PXXJ3GGRH4UWRGPMIRMMU22', 'e37f7146-d385-4269-9444-b6d53c98d1ad', NULL, 0, 0, NULL, 1, 0);
INSERT INTO [dbo].[AspNetUsers] ([Id], [UserName], [NormalizedUserName], [Email], [NormalizedEmail], [EmailConfirmed], [PasswordHash], [SecurityStamp], [ConcurrencyStamp], [PhoneNumber], [PhoneNumberConfirmed], [TwoFactorEnabled], [LockoutEnd], [LockoutEnabled], [AccessFailedCount]) VALUES ('cbf58847-ba91-4ee3-8227-d1269b872765', 'mimoza.morina@hotmail.com', 'MIMOZA.MORINA@HOTMAIL.COM', 'mimoza.morina@hotmail.com', 'MIMOZA.MORINA@HOTMAIL.COM', 0, 'AQAAAAEAACcQAAAAEI/NU3KCBgUKVAX6ghwe3jGrEKGCn8fKTsGrqJJTxEJgoLTtYhLFiLHym6w6kzG28Q==', 'H7JJ4YDPCQLIZF6PNLLS4T2QSAJJIUZX', 'ae643520-ab91-42b1-bdef-52b59a26cf93', NULL, 0, 0, NULL, 1, 0);
INSERT INTO [dbo].[AspNetUsers] ([Id], [UserName], [NormalizedUserName], [Email], [NormalizedEmail], [EmailConfirmed], [PasswordHash], [SecurityStamp], [ConcurrencyStamp], [PhoneNumber], [PhoneNumberConfirmed], [TwoFactorEnabled], [LockoutEnd], [LockoutEnabled], [AccessFailedCount]) VALUES ('cdf93efb-be74-43cb-8c87-93c0be083167', 'drin.limani@gmail.com', 'DRIN.LIMANI@GMAIL.COM', 'drin.limani@gmail.com', 'DRIN.LIMANI@GMAIL.COM', 0, 'AQAAAAEAACcQAAAAEOs+wuBmpC9ZOSMspKPsGmU6nETsbwMjxSf0y+PXo4BNtdQEwcv1x68HxlA05w3bAA==', 'VZJ44PKHEZRRJ5VL67NPULP2EAEAVD3E', '09f2b416-07a8-4783-b865-015d4188d7cb', NULL, 0, 0, NULL, 1, 0);
INSERT INTO [dbo].[AspNetUsers] ([Id], [UserName], [NormalizedUserName], [Email], [NormalizedEmail], [EmailConfirmed], [PasswordHash], [SecurityStamp], [ConcurrencyStamp], [PhoneNumber], [PhoneNumberConfirmed], [TwoFactorEnabled], [LockoutEnd], [LockoutEnabled], [AccessFailedCount]) VALUES ('e96c7b99-254c-4d15-919f-685eede6e4b5', 'besa.mustafa@outlook.com', 'BESA.MUSTAFA@OUTLOOK.COM', 'besa.mustafa@outlook.com', 'BESA.MUSTAFA@OUTLOOK.COM', 0, 'AQAAAAEAACcQAAAAEOGFHyxYPGJ3z1CDbi6v4IxwLH4asiT4bZvLS4xIpih+xE7MIOksHMjyB+1g0IHAhg==', 'RBTAJ74CZH6VRBRT7K3NAVORFYQYKRAV', '50e32757-f24f-4ec4-96c4-88d08385b17b', NULL, 0, 0, NULL, 1, 0);
INSERT INTO [dbo].[AspNetUsers] ([Id], [UserName], [NormalizedUserName], [Email], [NormalizedEmail], [EmailConfirmed], [PasswordHash], [SecurityStamp], [ConcurrencyStamp], [PhoneNumber], [PhoneNumberConfirmed], [TwoFactorEnabled], [LockoutEnd], [LockoutEnabled], [AccessFailedCount]) VALUES ('ea3434fd-ef2a-4227-9bc8-a2ec1718aa8b', 'ardian.beqiri@gmail.com', 'ARDIAN.BEQIRI@GMAIL.COM', 'ardian.beqiri@gmail.com', 'ARDIAN.BEQIRI@GMAIL.COM', 0, 'AQAAAAEAACcQAAAAEPMX9C+d+nWGsm5eWO97rUt6nFow9AQSMLJTtswyKroF9aSUneoxIXlMq1yi8sIgIw==', '6YEVTUGBS5TETO4VOED3RVNUBRCL46K6', '111ac928-1846-460b-b907-8bc35c2f3401', NULL, 0, 0, NULL, 1, 0);
INSERT INTO [dbo].[AspNetUsers] ([Id], [UserName], [NormalizedUserName], [Email], [NormalizedEmail], [EmailConfirmed], [PasswordHash], [SecurityStamp], [ConcurrencyStamp], [PhoneNumber], [PhoneNumberConfirmed], [TwoFactorEnabled], [LockoutEnd], [LockoutEnabled], [AccessFailedCount]) VALUES ('ee3f2e80-022a-4d8f-aa44-38ea3399724f', 'sara.hoxha@outlook.com', 'SARA.HOXHA@OUTLOOK.COM', 'sara.hoxha@outlook.com', 'SARA.HOXHA@OUTLOOK.COM', 0, 'AQAAAAEAACcQAAAAEFDXedcUlnV8pa+o2ED18UXhq22hs5CTKIpcvBsLsuF6KScrU/xjdI172ZaYVVbsIQ==', 'B6BLKSRURT5OJ3JHWPUUC2ZSPMFMKARG', '37db3376-883b-4dcd-adc6-204356b36f92', NULL, 0, 0, NULL, 1, 0);
INSERT INTO [dbo].[AspNetUsers] ([Id], [UserName], [NormalizedUserName], [Email], [NormalizedEmail], [EmailConfirmed], [PasswordHash], [SecurityStamp], [ConcurrencyStamp], [PhoneNumber], [PhoneNumberConfirmed], [TwoFactorEnabled], [LockoutEnd], [LockoutEnabled], [AccessFailedCount]) VALUES ('fe8b8cf5-6841-46c3-9a57-91fb37805274', 'arben.shala@gmail.com', 'ARBEN.SHALA@GMAIL.COM', 'arben.shala@gmail.com', 'ARBEN.SHALA@GMAIL.COM', 0, 'AQAAAAEAACcQAAAAEHXXRf5WxIMdXFh6ETPMEYIVC+dud1vZWA+SvdTKSleT1E3yZ4QDHvV9d+k4s7KWBw==', 'BO5P77D4HZQCUWZZBI3J77NFT44TUXPA', 'f311e7cd-f6c1-4ee3-90c9-60a0e6ff7589', NULL, 0, 0, NULL, 1, 0);
INSERT INTO [dbo].[AspNetUserRoles] ([UserId], [RoleId]) VALUES ('85f9651e-e780-4bbe-8ff4-48dd0ab285e6', '01010101-0101-0101-0101-010101010101');
INSERT INTO [dbo].[AspNetUserRoles] ([UserId], [RoleId]) VALUES ('b10553ea-caa3-4e04-9ff4-68ea2314a428', '01010101-0101-0101-0101-010101010101');
INSERT INTO [dbo].[AspNetUserRoles] ([UserId], [RoleId]) VALUES ('b4899bb9-0db4-4be1-a8ac-1091395f715c', '01010101-0101-0101-0101-010101010101');
INSERT INTO [dbo].[AspNetUserRoles] ([UserId], [RoleId]) VALUES ('c19d61d5-2259-48a2-8de0-d03514310220', '01010101-0101-0101-0101-010101010101');
INSERT INTO [dbo].[AspNetUserRoles] ([UserId], [RoleId]) VALUES ('cbf58847-ba91-4ee3-8227-d1269b872765', '01010101-0101-0101-0101-010101010101');
INSERT INTO [dbo].[AspNetUserRoles] ([UserId], [RoleId]) VALUES ('cdf93efb-be74-43cb-8c87-93c0be083167', '01010101-0101-0101-0101-010101010101');
INSERT INTO [dbo].[AspNetUserRoles] ([UserId], [RoleId]) VALUES ('e96c7b99-254c-4d15-919f-685eede6e4b5', '01010101-0101-0101-0101-010101010101');
INSERT INTO [dbo].[AspNetUserRoles] ([UserId], [RoleId]) VALUES ('ea3434fd-ef2a-4227-9bc8-a2ec1718aa8b', '01010101-0101-0101-0101-010101010101');
INSERT INTO [dbo].[AspNetUserRoles] ([UserId], [RoleId]) VALUES ('ee3f2e80-022a-4d8f-aa44-38ea3399724f', '01010101-0101-0101-0101-010101010101');
INSERT INTO [dbo].[AspNetUserRoles] ([UserId], [RoleId]) VALUES ('fe8b8cf5-6841-46c3-9a57-91fb37805274', '01010101-0101-0101-0101-010101010101');
INSERT INTO [dbo].[AspNetUserRoles] ([UserId], [RoleId]) VALUES ('ea3434fd-ef2a-4227-9bc8-a2ec1718aa8b', '02020202-0202-0202-0202-020202020202');
INSERT INTO [dbo].[AspNetUserRoles] ([UserId], [RoleId]) VALUES ('b10553ea-caa3-4e04-9ff4-68ea2314a428', '03030303-0303-0303-0303-030303030303');
INSERT INTO [dbo].[AspNetUserRoles] ([UserId], [RoleId]) VALUES ('cbf58847-ba91-4ee3-8227-d1269b872765', '03030303-0303-0303-0303-030303030303');
INSERT INTO [dbo].[AspNetUserRoles] ([UserId], [RoleId]) VALUES ('e96c7b99-254c-4d15-919f-685eede6e4b5', '03030303-0303-0303-0303-030303030303');
SET IDENTITY_INSERT [dbo].[Perdoruesit] ON;
INSERT INTO [dbo].[Perdoruesit] ([UserID], [Emri], [Mbiemri], [Email], [EmailFillestar], [AspNetUserId], [DataKrijimit]) VALUES (4, 'Arben', 'Shala', 'arben.shala@gmail.com', 'arben.shala@gmail.com', 'fe8b8cf5-6841-46c3-9a57-91fb37805274', '2024-02-06T21:07:36.987Z');
INSERT INTO [dbo].[Perdoruesit] ([UserID], [Emri], [Mbiemri], [Email], [EmailFillestar], [AspNetUserId], [DataKrijimit]) VALUES (5, 'Sara', 'Hoxha', 'sara.hoxha@outlook.com', 'sara.hoxha@outlook.com', 'ee3f2e80-022a-4d8f-aa44-38ea3399724f', '2024-02-10T16:29:47.032Z');
INSERT INTO [dbo].[Perdoruesit] ([UserID], [Emri], [Mbiemri], [Email], [EmailFillestar], [AspNetUserId], [DataKrijimit]) VALUES (6, 'Arian', 'Krasniqi', 'arian.krasniqi@yahoo.com', 'arian.krasniqi@yahoo.com', 'c19d61d5-2259-48a2-8de0-d03514310220', '2024-02-15T08:42:33.491Z');
INSERT INTO [dbo].[Perdoruesit] ([UserID], [Emri], [Mbiemri], [Email], [EmailFillestar], [AspNetUserId], [DataKrijimit]) VALUES (7, 'Fjolla', 'Berisha', 'fjolla.berisha@hotmail.com', 'fjolla.berisha@hotmail.com', 'b4899bb9-0db4-4be1-a8ac-1091395f715c', '2024-02-20T12:35:09.415Z');
INSERT INTO [dbo].[Perdoruesit] ([UserID], [Emri], [Mbiemri], [Email], [EmailFillestar], [AspNetUserId], [DataKrijimit]) VALUES (8, 'Drin', 'Limani', 'drin.limani@gmail.com', 'drin.limani@gmail.com', 'cdf93efb-be74-43cb-8c87-93c0be083167', '2024-03-05T10:08:40.279Z');
INSERT INTO [dbo].[Perdoruesit] ([UserID], [Emri], [Mbiemri], [Email], [EmailFillestar], [AspNetUserId], [DataKrijimit]) VALUES (9, 'Elira', 'Gashi', 'elira.gashi@outlook.com', 'elira.gashi@outlook.com', '85f9651e-e780-4bbe-8ff4-48dd0ab285e6', '2024-03-09T05:16:18.873Z');
INSERT INTO [dbo].[Perdoruesit] ([UserID], [Emri], [Mbiemri], [Email], [EmailFillestar], [AspNetUserId], [DataKrijimit]) VALUES (10, 'Bekim', 'Nikqi', 'bekim.nikqi@yahoo.com', 'bekim.nikqi@yahoo.com', 'b10553ea-caa3-4e04-9ff4-68ea2314a428', '2024-03-12T18:13:58.609Z');
INSERT INTO [dbo].[Perdoruesit] ([UserID], [Emri], [Mbiemri], [Email], [EmailFillestar], [AspNetUserId], [DataKrijimit]) VALUES (11, 'Mimoza', 'Morina', 'mimoza.morina@hotmail.com', 'mimoza.morina@hotmail.com', 'cbf58847-ba91-4ee3-8227-d1269b872765', '2024-03-16T20:55:21.724Z');
INSERT INTO [dbo].[Perdoruesit] ([UserID], [Emri], [Mbiemri], [Email], [EmailFillestar], [AspNetUserId], [DataKrijimit]) VALUES (12, 'Ardian', 'Beqiri', 'ardian.beqiri@gmail.com', 'ardian.beqiri@gmail.com', 'ea3434fd-ef2a-4227-9bc8-a2ec1718aa8b', '2024-03-21T15:49:02.125Z');
INSERT INTO [dbo].[Perdoruesit] ([UserID], [Emri], [Mbiemri], [Email], [EmailFillestar], [AspNetUserId], [DataKrijimit]) VALUES (13, 'Besa', 'Mustafa', 'besa.mustafa@outlook.com', 'besa.mustafa@outlook.com', 'e96c7b99-254c-4d15-919f-685eede6e4b5', '2024-03-27T03:24:50.846Z');
SET IDENTITY_INSERT [dbo].[Perdoruesit] OFF;
SET IDENTITY_INSERT [dbo].[TeDhenatPerdoruesit] ON;
INSERT INTO [dbo].[TeDhenatPerdoruesit] ([TeDhenatID], [NrKontaktit], [Qyteti], [ZipKodi], [Adresa], [Shteti], [Gjinia], [DataLindjes], [UserID], [DataKrijimit]) VALUES (4, '+38345234567', 'Prishtine', 10000, '123 Rruga e Dardanisë', 'Kosovë', 'M', '1992-03-15T00:00:00.000Z', 4, '2024-05-20T23:12:31.836Z');
INSERT INTO [dbo].[TeDhenatPerdoruesit] ([TeDhenatID], [NrKontaktit], [Qyteti], [ZipKodi], [Adresa], [Shteti], [Gjinia], [DataLindjes], [UserID], [DataKrijimit]) VALUES (5, '+38971456789', 'Shkup', 1000, '456 Ulica Makedonska', 'Maqedoni e Veriut', 'F', '1989-07-22T00:00:00.000Z', 5, '2024-05-20T23:13:26.568Z');
INSERT INTO [dbo].[TeDhenatPerdoruesit] ([TeDhenatID], [NrKontaktit], [Qyteti], [ZipKodi], [Adresa], [Shteti], [Gjinia], [DataLindjes], [UserID], [DataKrijimit]) VALUES (6, '+35568345678', 'Tiran', 1001, '789 Rruga e Shqipërisë', 'Shqipëri', 'M', '1985-11-30T00:00:00.000Z', 6, '2024-05-20T23:15:13.069Z');
INSERT INTO [dbo].[TeDhenatPerdoruesit] ([TeDhenatID], [NrKontaktit], [Qyteti], [ZipKodi], [Adresa], [Shteti], [Gjinia], [DataLindjes], [UserID], [DataKrijimit]) VALUES (7, '+38348987654', 'Mitrovice', 40000, '321 Rruga e Kosovës', 'Kosovë', 'F', '1994-05-17T00:00:00.000Z', 7, '2024-05-20T23:15:57.055Z');
INSERT INTO [dbo].[TeDhenatPerdoruesit] ([TeDhenatID], [NrKontaktit], [Qyteti], [ZipKodi], [Adresa], [Shteti], [Gjinia], [DataLindjes], [UserID], [DataKrijimit]) VALUES (8, '+38975654321', 'Bitola', 7000, '654 Ulica Vardarska', 'Maqedoni e Veriut', 'M', '1990-08-24T00:00:00.000Z', 8, '2024-05-20T23:17:08.708Z');
INSERT INTO [dbo].[TeDhenatPerdoruesit] ([TeDhenatID], [NrKontaktit], [Qyteti], [ZipKodi], [Adresa], [Shteti], [Gjinia], [DataLindjes], [UserID], [DataKrijimit]) VALUES (9, '049876543', 'Prizren', 20000, '987 Rruga e Lirisë', 'Kosovë', 'F', '1991-02-11T00:00:00.000Z', 9, '2024-05-20T23:18:18.033Z');
INSERT INTO [dbo].[TeDhenatPerdoruesit] ([TeDhenatID], [NrKontaktit], [Qyteti], [ZipKodi], [Adresa], [Shteti], [Gjinia], [DataLindjes], [UserID], [DataKrijimit]) VALUES (10, '069876543', 'Durres', 2001, '654 Rruga e Kombit', 'Kosovë', 'M', '1986-06-14T00:00:00.000Z', 10, '2024-05-20T23:19:24.315Z');
INSERT INTO [dbo].[TeDhenatPerdoruesit] ([TeDhenatID], [NrKontaktit], [Qyteti], [ZipKodi], [Adresa], [Shteti], [Gjinia], [DataLindjes], [UserID], [DataKrijimit]) VALUES (11, '072234567', 'Oher', 6000, '123 Ulica Ohridska', 'Maqedoni e Veriut', 'M', '1993-10-29T00:00:00.000Z', 11, '2024-05-20T23:20:12.512Z');
INSERT INTO [dbo].[TeDhenatPerdoruesit] ([TeDhenatID], [NrKontaktit], [Qyteti], [ZipKodi], [Adresa], [Shteti], [Gjinia], [DataLindjes], [UserID], [DataKrijimit]) VALUES (12, '044765432', 'Gjakove', 50000, '456 Rruga e Pejës', 'Kosovë', 'M', '1995-01-03T00:00:00.000Z', 12, '2024-05-20T23:21:05.744Z');
INSERT INTO [dbo].[TeDhenatPerdoruesit] ([TeDhenatID], [NrKontaktit], [Qyteti], [ZipKodi], [Adresa], [Shteti], [Gjinia], [DataLindjes], [UserID], [DataKrijimit]) VALUES (13, '068234567', 'Vlore', 9400, '789 Rruga e Flamurit', 'Shqipëri', 'F', '1996-12-18T00:00:00.000Z', 13, '2024-05-20T23:22:15.337Z');
SET IDENTITY_INSERT [dbo].[TeDhenatPerdoruesit] OFF;
SET IDENTITY_INSERT [dbo].[AdresatPerdoruesit] ON;
INSERT INTO [dbo].[AdresatPerdoruesit] ([AdresaID], [PerdoruesiID], [Qyteti], [ZipKodi], [Adresa], [Shteti], [Email], [NrKontaktit], [Emri], [Mbiemri]) VALUES (4, 4, 'Prishtine', 10000, '123 Rruga e Dardanisë', 'Kosovë', 'arben.shala@gmail.com', '+38345234567', 'Arben', 'Shala');
INSERT INTO [dbo].[AdresatPerdoruesit] ([AdresaID], [PerdoruesiID], [Qyteti], [ZipKodi], [Adresa], [Shteti], [Email], [NrKontaktit], [Emri], [Mbiemri]) VALUES (5, 5, 'Shkup', 1000, '456 Ulica Makedonska', 'Maqedoni e Veriut', 'sara.hoxha@outlook.com', '+38971456789', 'Sara', 'Hoxha');
INSERT INTO [dbo].[AdresatPerdoruesit] ([AdresaID], [PerdoruesiID], [Qyteti], [ZipKodi], [Adresa], [Shteti], [Email], [NrKontaktit], [Emri], [Mbiemri]) VALUES (6, 6, 'Tiran', 1001, '789 Rruga e Shqipërisë', 'Shqipëri', 'arian.krasniqi@yahoo.com', '+35568345678', 'Arian', 'Krasniqi');
INSERT INTO [dbo].[AdresatPerdoruesit] ([AdresaID], [PerdoruesiID], [Qyteti], [ZipKodi], [Adresa], [Shteti], [Email], [NrKontaktit], [Emri], [Mbiemri]) VALUES (7, 7, 'Mitrovice', 40000, '321 Rruga e Kosovës', 'Kosovë', 'fjolla.berisha@hotmail.com', '+38348987654', 'Fjolla', 'Berisha');
INSERT INTO [dbo].[AdresatPerdoruesit] ([AdresaID], [PerdoruesiID], [Qyteti], [ZipKodi], [Adresa], [Shteti], [Email], [NrKontaktit], [Emri], [Mbiemri]) VALUES (8, 8, 'Bitola', 7000, '654 Ulica Vardarska', 'Maqedoni e Veriut', 'drin.limani@gmail.com', '+38975654321', 'Drin', 'Limani');
INSERT INTO [dbo].[AdresatPerdoruesit] ([AdresaID], [PerdoruesiID], [Qyteti], [ZipKodi], [Adresa], [Shteti], [Email], [NrKontaktit], [Emri], [Mbiemri]) VALUES (9, 9, 'Prizren', 20000, '987 Rruga e Lirisë', 'Kosovë', 'elira.gashi@outlook.com', '049876543', 'Elira', 'Gashi');
INSERT INTO [dbo].[AdresatPerdoruesit] ([AdresaID], [PerdoruesiID], [Qyteti], [ZipKodi], [Adresa], [Shteti], [Email], [NrKontaktit], [Emri], [Mbiemri]) VALUES (10, 10, 'Durres', 2001, '654 Rruga e Kombit', 'Kosovë', 'bekim.nikqi@yahoo.com', '069876543', 'Bekim', 'Nikqi');
INSERT INTO [dbo].[AdresatPerdoruesit] ([AdresaID], [PerdoruesiID], [Qyteti], [ZipKodi], [Adresa], [Shteti], [Email], [NrKontaktit], [Emri], [Mbiemri]) VALUES (11, 11, 'Oher', 6000, '123 Ulica Ohridska', 'Maqedoni e Veriut', 'mimoza.morina@hotmail.com', '072234567', 'Mimoza', 'Morina');
INSERT INTO [dbo].[AdresatPerdoruesit] ([AdresaID], [PerdoruesiID], [Qyteti], [ZipKodi], [Adresa], [Shteti], [Email], [NrKontaktit], [Emri], [Mbiemri]) VALUES (12, 12, 'Gjakove', 50000, '456 Rruga e Pejës', 'Kosovë', 'ardian.beqiri@gmail.com', '044765432', 'Ardian', 'Beqiri');
INSERT INTO [dbo].[AdresatPerdoruesit] ([AdresaID], [PerdoruesiID], [Qyteti], [ZipKodi], [Adresa], [Shteti], [Email], [NrKontaktit], [Emri], [Mbiemri]) VALUES (13, 13, 'Vlore', 9400, '789 Rruga e Flamurit', 'Shqipëri', 'besa.mustafa@outlook.com', '068234567', 'Besa', 'Mustafa');
SET IDENTITY_INSERT [dbo].[AdresatPerdoruesit] OFF;

SET IDENTITY_INSERT [dbo].[ContactForm] ON;
INSERT INTO [dbo].[ContactForm] ([MesazhiId], [UserId], [Mesazhi], [DataDergeses], [Statusi], [Emri], [Email]) VALUES (1, 4, 'Si përdoren robotët në industrinë e automobilizmit?', '2024-05-13T00:00:00.000Z', 'Mesazhi juaj eshte derguar tek Stafi', 'Arben Shala', 'arben.shala@gmail.com');
INSERT INTO [dbo].[ContactForm] ([MesazhiId], [UserId], [Mesazhi], [DataDergeses], [Statusi], [Emri], [Email]) VALUES (2, 4, 'Cilat janë përfitimet e përdorimit të sensoreve në pajisjet inteligjente të shtëpisë?', '2024-03-16T00:00:00.000Z', 'Mesazhi eshte Pranuar dhe eshte Pergjigjur ne email', 'Arben Shala', 'arben.shala@gmail.com');
INSERT INTO [dbo].[ContactForm] ([MesazhiId], [UserId], [Mesazhi], [DataDergeses], [Statusi], [Emri], [Email]) VALUES (3, 4, 'Si mund të përdor në mënyrë më efikase telefoni inteligjent?', '2024-02-15T00:00:00.000Z', 'Mesazhi eshte Pranuar dhe eshte Pergjigjur ne email', 'Arben Shala', 'arben.shala@gmail.com');
INSERT INTO [dbo].[ContactForm] ([MesazhiId], [UserId], [Mesazhi], [DataDergeses], [Statusi], [Emri], [Email]) VALUES (4, 4, 'Si mund të përmirësoj performancën e kompjuterit duke përdorur një kartelë grafike të fuqishme?', '2024-02-07T00:00:00.000Z', 'Mesazhi juaj eshte derguar tek Stafi', 'Arben Shala', 'arben.shala@gmail.com');
INSERT INTO [dbo].[ContactForm] ([MesazhiId], [UserId], [Mesazhi], [DataDergeses], [Statusi], [Emri], [Email]) VALUES (5, 4, 'Si mund të përdor në mënyrë më efikase telefoni inteligjent?', '2024-05-13T00:00:00.000Z', 'Mesazhi eshte Pranuar dhe eshte Pergjigjur ne email', 'Arben Shala', 'arben.shala@gmail.com');
INSERT INTO [dbo].[ContactForm] ([MesazhiId], [UserId], [Mesazhi], [DataDergeses], [Statusi], [Emri], [Email]) VALUES (6, 4, 'Cilat janë shembujt më të mira të inteligjencës artificiale në jetën tonë të përditshme?', '2024-02-28T00:00:00.000Z', 'Mesazhi juaj eshte derguar tek Stafi', 'Arben Shala', 'arben.shala@gmail.com');
INSERT INTO [dbo].[ContactForm] ([MesazhiId], [UserId], [Mesazhi], [DataDergeses], [Statusi], [Emri], [Email]) VALUES (7, 4, 'Si ndikojnë teknologjitë e internetit të gjërave në jetën tonë të përditshme?', '2024-04-22T00:00:00.000Z', 'Mesazhi juaj eshte derguar tek Stafi', 'Arben Shala', 'arben.shala@gmail.com');
INSERT INTO [dbo].[ContactForm] ([MesazhiId], [UserId], [Mesazhi], [DataDergeses], [Statusi], [Emri], [Email]) VALUES (8, 4, 'Si funksionon rrjeti i qelizave në kontekstin e telefonisë celular?', '2024-02-04T00:00:00.000Z', 'Mesazhi juaj eshte derguar tek Stafi', 'Arben Shala', 'arben.shala@gmail.com');
INSERT INTO [dbo].[ContactForm] ([MesazhiId], [UserId], [Mesazhi], [DataDergeses], [Statusi], [Emri], [Email]) VALUES (9, 4, 'Si funksionon rrjeti i qelizave në kontekstin e telefonisë celular?', '2024-05-03T00:00:00.000Z', 'Mesazhi juaj eshte derguar tek Stafi', 'Arben Shala', 'arben.shala@gmail.com');
INSERT INTO [dbo].[ContactForm] ([MesazhiId], [UserId], [Mesazhi], [DataDergeses], [Statusi], [Emri], [Email]) VALUES (10, 4, 'Si mund të përdor në mënyrë më efikase telefoni inteligjent?', '2024-04-14T00:00:00.000Z', 'Mesazhi juaj eshte derguar tek Stafi', 'Arben Shala', 'arben.shala@gmail.com');
INSERT INTO [dbo].[ContactForm] ([MesazhiId], [UserId], [Mesazhi], [DataDergeses], [Statusi], [Emri], [Email]) VALUES (11, 5, 'Cilat janë karakteristikat kryesore të një aplikacioni mobil të suksesshëm?', '2024-02-02T00:00:00.000Z', 'Mesazhi eshte Pranuar dhe eshte Pergjigjur ne email', 'Sara Hoxha', 'sara.hoxha@outlook.com');
INSERT INTO [dbo].[ContactForm] ([MesazhiId], [UserId], [Mesazhi], [DataDergeses], [Statusi], [Emri], [Email]) VALUES (12, 5, 'Cilat janë sistemet operative më të përdorura sot në tregun e teknologjisë?', '2024-03-13T00:00:00.000Z', 'Mesazhi eshte Pranuar dhe eshte Pergjigjur ne email', 'Sara Hoxha', 'sara.hoxha@outlook.com');
INSERT INTO [dbo].[ContactForm] ([MesazhiId], [UserId], [Mesazhi], [DataDergeses], [Statusi], [Emri], [Email]) VALUES (13, 5, 'Cilat janë shembujt më të mira të inteligjencës artificiale në jetën tonë të përditshme?', '2024-04-15T00:00:00.000Z', 'Mesazhi eshte Pranuar dhe eshte Pergjigjur ne email', 'Sara Hoxha', 'sara.hoxha@outlook.com');
INSERT INTO [dbo].[ContactForm] ([MesazhiId], [UserId], [Mesazhi], [DataDergeses], [Statusi], [Emri], [Email]) VALUES (14, 5, 'Si përdoren robotët në industrinë e automobilizmit?', '2024-03-18T00:00:00.000Z', 'Mesazhi juaj eshte derguar tek Stafi', 'Sara Hoxha', 'sara.hoxha@outlook.com');
INSERT INTO [dbo].[ContactForm] ([MesazhiId], [UserId], [Mesazhi], [DataDergeses], [Statusi], [Emri], [Email]) VALUES (15, 5, 'Si mund të përmirësoj performancën e kompjuterit duke përdorur një kartelë grafike të fuqishme?', '2024-03-25T00:00:00.000Z', 'Mesazhi eshte Pranuar dhe eshte Pergjigjur ne email', 'Sara Hoxha', 'sara.hoxha@outlook.com');
INSERT INTO [dbo].[ContactForm] ([MesazhiId], [UserId], [Mesazhi], [DataDergeses], [Statusi], [Emri], [Email]) VALUES (16, 5, 'Si mund të përmirësoj performancën e kompjuterit duke përdorur një kartelë grafike të fuqishme?', '2024-04-07T00:00:00.000Z', 'Mesazhi juaj eshte derguar tek Stafi', 'Sara Hoxha', 'sara.hoxha@outlook.com');
INSERT INTO [dbo].[ContactForm] ([MesazhiId], [UserId], [Mesazhi], [DataDergeses], [Statusi], [Emri], [Email]) VALUES (17, 5, 'Cilat janë përfitimet e përdorimit të sensoreve në pajisjet inteligjente të shtëpisë?', '2024-03-14T00:00:00.000Z', 'Mesazhi juaj eshte derguar tek Stafi', 'Sara Hoxha', 'sara.hoxha@outlook.com');
INSERT INTO [dbo].[ContactForm] ([MesazhiId], [UserId], [Mesazhi], [DataDergeses], [Statusi], [Emri], [Email]) VALUES (18, 5, 'Cilat janë përfitimet e përdorimit të sensoreve në pajisjet inteligjente të shtëpisë?', '2024-04-29T00:00:00.000Z', 'Mesazhi eshte Pranuar dhe eshte Pergjigjur ne email', 'Sara Hoxha', 'sara.hoxha@outlook.com');
INSERT INTO [dbo].[ContactForm] ([MesazhiId], [UserId], [Mesazhi], [DataDergeses], [Statusi], [Emri], [Email]) VALUES (19, 5, 'Si funksionon rrjeti i qelizave në kontekstin e telefonisë celular?', '2024-04-26T00:00:00.000Z', 'Mesazhi juaj eshte derguar tek Stafi', 'Sara Hoxha', 'sara.hoxha@outlook.com');
INSERT INTO [dbo].[ContactForm] ([MesazhiId], [UserId], [Mesazhi], [DataDergeses], [Statusi], [Emri], [Email]) VALUES (20, 5, 'Si mund të përdor në mënyrë më efikase telefoni inteligjent?', '2024-02-05T00:00:00.000Z', 'Mesazhi juaj eshte derguar tek Stafi', 'Sara Hoxha', 'sara.hoxha@outlook.com');
INSERT INTO [dbo].[ContactForm] ([MesazhiId], [UserId], [Mesazhi], [DataDergeses], [Statusi], [Emri], [Email]) VALUES (21, 6, 'Si mund të përmirësoj performancën e kompjuterit duke përdorur një kartelë grafike të fuqishme?', '2024-03-25T00:00:00.000Z', 'Mesazhi eshte Pranuar dhe eshte Pergjigjur ne email', 'Arian Krasniqi', 'arian.krasniqi@yahoo.com');
INSERT INTO [dbo].[ContactForm] ([MesazhiId], [UserId], [Mesazhi], [DataDergeses], [Statusi], [Emri], [Email]) VALUES (22, 6, 'Cilat janë shembujt më të mira të inteligjencës artificiale në jetën tonë të përditshme?', '2024-04-08T00:00:00.000Z', 'Mesazhi juaj eshte derguar tek Stafi', 'Arian Krasniqi', 'arian.krasniqi@yahoo.com');
INSERT INTO [dbo].[ContactForm] ([MesazhiId], [UserId], [Mesazhi], [DataDergeses], [Statusi], [Emri], [Email]) VALUES (23, 6, 'Si ndikojnë teknologjitë e internetit të gjërave në jetën tonë të përditshme?', '2024-02-13T00:00:00.000Z', 'Mesazhi juaj eshte derguar tek Stafi', 'Arian Krasniqi', 'arian.krasniqi@yahoo.com');
INSERT INTO [dbo].[ContactForm] ([MesazhiId], [UserId], [Mesazhi], [DataDergeses], [Statusi], [Emri], [Email]) VALUES (24, 6, 'Cilat janë përfitimet e përdorimit të sensoreve në pajisjet inteligjente të shtëpisë?', '2024-04-25T00:00:00.000Z', 'Mesazhi juaj eshte derguar tek Stafi', 'Arian Krasniqi', 'arian.krasniqi@yahoo.com');
INSERT INTO [dbo].[ContactForm] ([MesazhiId], [UserId], [Mesazhi], [DataDergeses], [Statusi], [Emri], [Email]) VALUES (25, 6, 'Si funksionon rrjeti i qelizave në kontekstin e telefonisë celular?', '2024-04-03T00:00:00.000Z', 'Mesazhi eshte Pranuar dhe eshte Pergjigjur ne email', 'Arian Krasniqi', 'arian.krasniqi@yahoo.com');
INSERT INTO [dbo].[ContactForm] ([MesazhiId], [UserId], [Mesazhi], [DataDergeses], [Statusi], [Emri], [Email]) VALUES (26, 6, 'Si ndikojnë teknologjitë e internetit të gjërave në jetën tonë të përditshme?', '2024-05-12T00:00:00.000Z', 'Mesazhi eshte Pranuar dhe eshte Pergjigjur ne email', 'Arian Krasniqi', 'arian.krasniqi@yahoo.com');
INSERT INTO [dbo].[ContactForm] ([MesazhiId], [UserId], [Mesazhi], [DataDergeses], [Statusi], [Emri], [Email]) VALUES (27, 6, 'Si përdoren robotët në industrinë e automobilizmit?', '2024-02-16T00:00:00.000Z', 'Mesazhi eshte Pranuar dhe eshte Pergjigjur ne email', 'Arian Krasniqi', 'arian.krasniqi@yahoo.com');
INSERT INTO [dbo].[ContactForm] ([MesazhiId], [UserId], [Mesazhi], [DataDergeses], [Statusi], [Emri], [Email]) VALUES (28, 6, 'Cilat janë karakteristikat kryesore të një aplikacioni mobil të suksesshëm?', '2024-05-04T00:00:00.000Z', 'Mesazhi juaj eshte derguar tek Stafi', 'Arian Krasniqi', 'arian.krasniqi@yahoo.com');
INSERT INTO [dbo].[ContactForm] ([MesazhiId], [UserId], [Mesazhi], [DataDergeses], [Statusi], [Emri], [Email]) VALUES (29, 6, 'Cilat janë karakteristikat kryesore të një aplikacioni mobil të suksesshëm?', '2024-04-20T00:00:00.000Z', 'Mesazhi eshte Pranuar dhe eshte Pergjigjur ne email', 'Arian Krasniqi', 'arian.krasniqi@yahoo.com');
INSERT INTO [dbo].[ContactForm] ([MesazhiId], [UserId], [Mesazhi], [DataDergeses], [Statusi], [Emri], [Email]) VALUES (30, 6, 'Cilat janë karakteristikat kryesore të një aplikacioni mobil të suksesshëm?', '2024-02-23T00:00:00.000Z', 'Mesazhi eshte Pranuar dhe eshte Pergjigjur ne email', 'Arian Krasniqi', 'arian.krasniqi@yahoo.com');
INSERT INTO [dbo].[ContactForm] ([MesazhiId], [UserId], [Mesazhi], [DataDergeses], [Statusi], [Emri], [Email]) VALUES (31, 7, 'Cilat janë sistemet operative më të përdorura sot në tregun e teknologjisë?', '2024-05-14T00:00:00.000Z', 'Mesazhi eshte Pranuar dhe eshte Pergjigjur ne email', 'Fjolla Berisha', 'fjolla.berisha@hotmail.com');
INSERT INTO [dbo].[ContactForm] ([MesazhiId], [UserId], [Mesazhi], [DataDergeses], [Statusi], [Emri], [Email]) VALUES (32, 7, 'Cilat janë përfitimet e përdorimit të sensoreve në pajisjet inteligjente të shtëpisë?', '2024-04-21T00:00:00.000Z', 'Mesazhi juaj eshte derguar tek Stafi', 'Fjolla Berisha', 'fjolla.berisha@hotmail.com');
INSERT INTO [dbo].[ContactForm] ([MesazhiId], [UserId], [Mesazhi], [DataDergeses], [Statusi], [Emri], [Email]) VALUES (33, 7, 'Cilat janë avantazhet e përdorimit të kompjuterit portativ në punën e përditshme?', '2024-04-12T00:00:00.000Z', 'Mesazhi juaj eshte derguar tek Stafi', 'Fjolla Berisha', 'fjolla.berisha@hotmail.com');
INSERT INTO [dbo].[ContactForm] ([MesazhiId], [UserId], [Mesazhi], [DataDergeses], [Statusi], [Emri], [Email]) VALUES (34, 7, 'Cilat janë përfitimet e përdorimit të sensoreve në pajisjet inteligjente të shtëpisë?', '2024-04-01T00:00:00.000Z', 'Mesazhi eshte Pranuar dhe eshte Pergjigjur ne email', 'Fjolla Berisha', 'fjolla.berisha@hotmail.com');
INSERT INTO [dbo].[ContactForm] ([MesazhiId], [UserId], [Mesazhi], [DataDergeses], [Statusi], [Emri], [Email]) VALUES (35, 7, 'Cilat janë përfitimet e përdorimit të sensoreve në pajisjet inteligjente të shtëpisë?', '2024-04-18T00:00:00.000Z', 'Mesazhi juaj eshte derguar tek Stafi', 'Fjolla Berisha', 'fjolla.berisha@hotmail.com');
INSERT INTO [dbo].[ContactForm] ([MesazhiId], [UserId], [Mesazhi], [DataDergeses], [Statusi], [Emri], [Email]) VALUES (36, 7, 'Si funksionon rrjeti i qelizave në kontekstin e telefonisë celular?', '2024-04-20T00:00:00.000Z', 'Mesazhi juaj eshte derguar tek Stafi', 'Fjolla Berisha', 'fjolla.berisha@hotmail.com');
INSERT INTO [dbo].[ContactForm] ([MesazhiId], [UserId], [Mesazhi], [DataDergeses], [Statusi], [Emri], [Email]) VALUES (37, 7, 'Cilat janë avantazhet e përdorimit të kompjuterit portativ në punën e përditshme?', '2024-05-08T00:00:00.000Z', 'Mesazhi eshte Pranuar dhe eshte Pergjigjur ne email', 'Fjolla Berisha', 'fjolla.berisha@hotmail.com');
INSERT INTO [dbo].[ContactForm] ([MesazhiId], [UserId], [Mesazhi], [DataDergeses], [Statusi], [Emri], [Email]) VALUES (38, 7, 'Si mund të përdor në mënyrë më efikase telefoni inteligjent?', '2024-04-21T00:00:00.000Z', 'Mesazhi juaj eshte derguar tek Stafi', 'Fjolla Berisha', 'fjolla.berisha@hotmail.com');
INSERT INTO [dbo].[ContactForm] ([MesazhiId], [UserId], [Mesazhi], [DataDergeses], [Statusi], [Emri], [Email]) VALUES (39, 7, 'Si ndikojnë teknologjitë e internetit të gjërave në jetën tonë të përditshme?', '2024-02-25T00:00:00.000Z', 'Mesazhi juaj eshte derguar tek Stafi', 'Fjolla Berisha', 'fjolla.berisha@hotmail.com');
INSERT INTO [dbo].[ContactForm] ([MesazhiId], [UserId], [Mesazhi], [DataDergeses], [Statusi], [Emri], [Email]) VALUES (40, 7, 'Cilat janë sistemet operative më të përdorura sot në tregun e teknologjisë?', '2024-02-05T00:00:00.000Z', 'Mesazhi juaj eshte derguar tek Stafi', 'Fjolla Berisha', 'fjolla.berisha@hotmail.com');
INSERT INTO [dbo].[ContactForm] ([MesazhiId], [UserId], [Mesazhi], [DataDergeses], [Statusi], [Emri], [Email]) VALUES (41, 8, 'Si mund të përmirësoj performancën e kompjuterit duke përdorur një kartelë grafike të fuqishme?', '2024-02-18T00:00:00.000Z', 'Mesazhi juaj eshte derguar tek Stafi', 'Drin Limani', 'drin.limani@gmail.com');
INSERT INTO [dbo].[ContactForm] ([MesazhiId], [UserId], [Mesazhi], [DataDergeses], [Statusi], [Emri], [Email]) VALUES (42, 8, 'Cilat janë avantazhet e përdorimit të kompjuterit portativ në punën e përditshme?', '2024-04-21T00:00:00.000Z', 'Mesazhi eshte Pranuar dhe eshte Pergjigjur ne email', 'Drin Limani', 'drin.limani@gmail.com');
INSERT INTO [dbo].[ContactForm] ([MesazhiId], [UserId], [Mesazhi], [DataDergeses], [Statusi], [Emri], [Email]) VALUES (43, 8, 'Si mund të përmirësoj performancën e kompjuterit duke përdorur një kartelë grafike të fuqishme?', '2024-03-26T00:00:00.000Z', 'Mesazhi eshte Pranuar dhe eshte Pergjigjur ne email', 'Drin Limani', 'drin.limani@gmail.com');
INSERT INTO [dbo].[ContactForm] ([MesazhiId], [UserId], [Mesazhi], [DataDergeses], [Statusi], [Emri], [Email]) VALUES (44, 8, 'Si mund të përmirësoj performancën e kompjuterit duke përdorur një kartelë grafike të fuqishme?', '2024-02-17T00:00:00.000Z', 'Mesazhi eshte Pranuar dhe eshte Pergjigjur ne email', 'Drin Limani', 'drin.limani@gmail.com');
INSERT INTO [dbo].[ContactForm] ([MesazhiId], [UserId], [Mesazhi], [DataDergeses], [Statusi], [Emri], [Email]) VALUES (45, 8, 'Cilat janë përfitimet e përdorimit të sensoreve në pajisjet inteligjente të shtëpisë?', '2024-03-06T00:00:00.000Z', 'Mesazhi eshte Pranuar dhe eshte Pergjigjur ne email', 'Drin Limani', 'drin.limani@gmail.com');
INSERT INTO [dbo].[ContactForm] ([MesazhiId], [UserId], [Mesazhi], [DataDergeses], [Statusi], [Emri], [Email]) VALUES (46, 8, 'Cilat janë shembujt më të mira të inteligjencës artificiale në jetën tonë të përditshme?', '2024-03-20T00:00:00.000Z', 'Mesazhi eshte Pranuar dhe eshte Pergjigjur ne email', 'Drin Limani', 'drin.limani@gmail.com');
INSERT INTO [dbo].[ContactForm] ([MesazhiId], [UserId], [Mesazhi], [DataDergeses], [Statusi], [Emri], [Email]) VALUES (47, 8, 'Cilat janë sistemet operative më të përdorura sot në tregun e teknologjisë?', '2024-04-14T00:00:00.000Z', 'Mesazhi eshte Pranuar dhe eshte Pergjigjur ne email', 'Drin Limani', 'drin.limani@gmail.com');
INSERT INTO [dbo].[ContactForm] ([MesazhiId], [UserId], [Mesazhi], [DataDergeses], [Statusi], [Emri], [Email]) VALUES (48, 8, 'Cilat janë avantazhet e përdorimit të kompjuterit portativ në punën e përditshme?', '2024-02-04T00:00:00.000Z', 'Mesazhi eshte Pranuar dhe eshte Pergjigjur ne email', 'Drin Limani', 'drin.limani@gmail.com');
INSERT INTO [dbo].[ContactForm] ([MesazhiId], [UserId], [Mesazhi], [DataDergeses], [Statusi], [Emri], [Email]) VALUES (49, 8, 'Cilat janë sistemet operative më të përdorura sot në tregun e teknologjisë?', '2024-02-22T00:00:00.000Z', 'Mesazhi juaj eshte derguar tek Stafi', 'Drin Limani', 'drin.limani@gmail.com');
INSERT INTO [dbo].[ContactForm] ([MesazhiId], [UserId], [Mesazhi], [DataDergeses], [Statusi], [Emri], [Email]) VALUES (50, 8, 'Cilat janë përfitimet e përdorimit të sensoreve në pajisjet inteligjente të shtëpisë?', '2024-05-19T00:00:00.000Z', 'Mesazhi juaj eshte derguar tek Stafi', 'Drin Limani', 'drin.limani@gmail.com');
INSERT INTO [dbo].[ContactForm] ([MesazhiId], [UserId], [Mesazhi], [DataDergeses], [Statusi], [Emri], [Email]) VALUES (51, 9, 'Si ndikojnë teknologjitë e internetit të gjërave në jetën tonë të përditshme?', '2024-02-05T00:00:00.000Z', 'Mesazhi juaj eshte derguar tek Stafi', 'Elira Gashi', 'elira.gashi@outlook.com');
INSERT INTO [dbo].[ContactForm] ([MesazhiId], [UserId], [Mesazhi], [DataDergeses], [Statusi], [Emri], [Email]) VALUES (52, 9, 'Cilat janë avantazhet e përdorimit të kompjuterit portativ në punën e përditshme?', '2024-03-28T00:00:00.000Z', 'Mesazhi eshte Pranuar dhe eshte Pergjigjur ne email', 'Elira Gashi', 'elira.gashi@outlook.com');
INSERT INTO [dbo].[ContactForm] ([MesazhiId], [UserId], [Mesazhi], [DataDergeses], [Statusi], [Emri], [Email]) VALUES (53, 9, 'Si mund të përmirësoj performancën e kompjuterit duke përdorur një kartelë grafike të fuqishme?', '2024-05-18T00:00:00.000Z', 'Mesazhi juaj eshte derguar tek Stafi', 'Elira Gashi', 'elira.gashi@outlook.com');
INSERT INTO [dbo].[ContactForm] ([MesazhiId], [UserId], [Mesazhi], [DataDergeses], [Statusi], [Emri], [Email]) VALUES (54, 9, 'Si përdoren robotët në industrinë e automobilizmit?', '2024-02-13T00:00:00.000Z', 'Mesazhi juaj eshte derguar tek Stafi', 'Elira Gashi', 'elira.gashi@outlook.com');
INSERT INTO [dbo].[ContactForm] ([MesazhiId], [UserId], [Mesazhi], [DataDergeses], [Statusi], [Emri], [Email]) VALUES (55, 9, 'Si ndikojnë teknologjitë e internetit të gjërave në jetën tonë të përditshme?', '2024-04-24T00:00:00.000Z', 'Mesazhi eshte Pranuar dhe eshte Pergjigjur ne email', 'Elira Gashi', 'elira.gashi@outlook.com');
INSERT INTO [dbo].[ContactForm] ([MesazhiId], [UserId], [Mesazhi], [DataDergeses], [Statusi], [Emri], [Email]) VALUES (56, 9, 'Si mund të përmirësoj performancën e kompjuterit duke përdorur një kartelë grafike të fuqishme?', '2024-03-16T00:00:00.000Z', 'Mesazhi eshte Pranuar dhe eshte Pergjigjur ne email', 'Elira Gashi', 'elira.gashi@outlook.com');
INSERT INTO [dbo].[ContactForm] ([MesazhiId], [UserId], [Mesazhi], [DataDergeses], [Statusi], [Emri], [Email]) VALUES (57, 9, 'Cilat janë shembujt më të mira të inteligjencës artificiale në jetën tonë të përditshme?', '2024-05-19T00:00:00.000Z', 'Mesazhi juaj eshte derguar tek Stafi', 'Elira Gashi', 'elira.gashi@outlook.com');
INSERT INTO [dbo].[ContactForm] ([MesazhiId], [UserId], [Mesazhi], [DataDergeses], [Statusi], [Emri], [Email]) VALUES (58, 9, 'Si mund të përmirësoj performancën e kompjuterit duke përdorur një kartelë grafike të fuqishme?', '2024-02-07T00:00:00.000Z', 'Mesazhi eshte Pranuar dhe eshte Pergjigjur ne email', 'Elira Gashi', 'elira.gashi@outlook.com');
INSERT INTO [dbo].[ContactForm] ([MesazhiId], [UserId], [Mesazhi], [DataDergeses], [Statusi], [Emri], [Email]) VALUES (59, 9, 'Si funksionon rrjeti i qelizave në kontekstin e telefonisë celular?', '2024-03-10T00:00:00.000Z', 'Mesazhi juaj eshte derguar tek Stafi', 'Elira Gashi', 'elira.gashi@outlook.com');
INSERT INTO [dbo].[ContactForm] ([MesazhiId], [UserId], [Mesazhi], [DataDergeses], [Statusi], [Emri], [Email]) VALUES (60, 9, 'Si funksionon rrjeti i qelizave në kontekstin e telefonisë celular?', '2024-05-02T00:00:00.000Z', 'Mesazhi eshte Pranuar dhe eshte Pergjigjur ne email', 'Elira Gashi', 'elira.gashi@outlook.com');
INSERT INTO [dbo].[ContactForm] ([MesazhiId], [UserId], [Mesazhi], [DataDergeses], [Statusi], [Emri], [Email]) VALUES (61, 10, 'Si mund të përmirësoj performancën e kompjuterit duke përdorur një kartelë grafike të fuqishme?', '2024-02-13T00:00:00.000Z', 'Mesazhi eshte Pranuar dhe eshte Pergjigjur ne email', 'Bekim Nikqi', 'bekim.nikqi@yahoo.com');
INSERT INTO [dbo].[ContactForm] ([MesazhiId], [UserId], [Mesazhi], [DataDergeses], [Statusi], [Emri], [Email]) VALUES (62, 10, 'Si mund të përmirësoj performancën e kompjuterit duke përdorur një kartelë grafike të fuqishme?', '2024-04-17T00:00:00.000Z', 'Mesazhi juaj eshte derguar tek Stafi', 'Bekim Nikqi', 'bekim.nikqi@yahoo.com');
INSERT INTO [dbo].[ContactForm] ([MesazhiId], [UserId], [Mesazhi], [DataDergeses], [Statusi], [Emri], [Email]) VALUES (63, 10, 'Si ndikojnë teknologjitë e internetit të gjërave në jetën tonë të përditshme?', '2024-03-21T00:00:00.000Z', 'Mesazhi juaj eshte derguar tek Stafi', 'Bekim Nikqi', 'bekim.nikqi@yahoo.com');
INSERT INTO [dbo].[ContactForm] ([MesazhiId], [UserId], [Mesazhi], [DataDergeses], [Statusi], [Emri], [Email]) VALUES (64, 10, 'Si mund të përdor në mënyrë më efikase telefoni inteligjent?', '2024-04-18T00:00:00.000Z', 'Mesazhi eshte Pranuar dhe eshte Pergjigjur ne email', 'Bekim Nikqi', 'bekim.nikqi@yahoo.com');
INSERT INTO [dbo].[ContactForm] ([MesazhiId], [UserId], [Mesazhi], [DataDergeses], [Statusi], [Emri], [Email]) VALUES (65, 10, 'Si ndikojnë teknologjitë e internetit të gjërave në jetën tonë të përditshme?', '2024-04-11T00:00:00.000Z', 'Mesazhi eshte Pranuar dhe eshte Pergjigjur ne email', 'Bekim Nikqi', 'bekim.nikqi@yahoo.com');
INSERT INTO [dbo].[ContactForm] ([MesazhiId], [UserId], [Mesazhi], [DataDergeses], [Statusi], [Emri], [Email]) VALUES (66, 10, 'Cilat janë sistemet operative më të përdorura sot në tregun e teknologjisë?', '2024-05-17T00:00:00.000Z', 'Mesazhi juaj eshte derguar tek Stafi', 'Bekim Nikqi', 'bekim.nikqi@yahoo.com');
INSERT INTO [dbo].[ContactForm] ([MesazhiId], [UserId], [Mesazhi], [DataDergeses], [Statusi], [Emri], [Email]) VALUES (67, 10, 'Cilat janë shembujt më të mira të inteligjencës artificiale në jetën tonë të përditshme?', '2024-05-11T00:00:00.000Z', 'Mesazhi eshte Pranuar dhe eshte Pergjigjur ne email', 'Bekim Nikqi', 'bekim.nikqi@yahoo.com');
INSERT INTO [dbo].[ContactForm] ([MesazhiId], [UserId], [Mesazhi], [DataDergeses], [Statusi], [Emri], [Email]) VALUES (68, 10, 'Cilat janë përfitimet e përdorimit të sensoreve në pajisjet inteligjente të shtëpisë?', '2024-04-25T00:00:00.000Z', 'Mesazhi eshte Pranuar dhe eshte Pergjigjur ne email', 'Bekim Nikqi', 'bekim.nikqi@yahoo.com');
INSERT INTO [dbo].[ContactForm] ([MesazhiId], [UserId], [Mesazhi], [DataDergeses], [Statusi], [Emri], [Email]) VALUES (69, 10, 'Si përdoren robotët në industrinë e automobilizmit?', '2024-04-20T00:00:00.000Z', 'Mesazhi eshte Pranuar dhe eshte Pergjigjur ne email', 'Bekim Nikqi', 'bekim.nikqi@yahoo.com');
INSERT INTO [dbo].[ContactForm] ([MesazhiId], [UserId], [Mesazhi], [DataDergeses], [Statusi], [Emri], [Email]) VALUES (70, 10, 'Cilat janë avantazhet e përdorimit të kompjuterit portativ në punën e përditshme?', '2024-02-22T00:00:00.000Z', 'Mesazhi eshte Pranuar dhe eshte Pergjigjur ne email', 'Bekim Nikqi', 'bekim.nikqi@yahoo.com');
INSERT INTO [dbo].[ContactForm] ([MesazhiId], [UserId], [Mesazhi], [DataDergeses], [Statusi], [Emri], [Email]) VALUES (71, 11, 'Si funksionon rrjeti i qelizave në kontekstin e telefonisë celular?', '2024-02-04T00:00:00.000Z', 'Mesazhi juaj eshte derguar tek Stafi', 'Mimoza Morina', 'mimoza.morina@hotmail.com');
INSERT INTO [dbo].[ContactForm] ([MesazhiId], [UserId], [Mesazhi], [DataDergeses], [Statusi], [Emri], [Email]) VALUES (72, 11, 'Cilat janë përfitimet e përdorimit të sensoreve në pajisjet inteligjente të shtëpisë?', '2024-03-13T00:00:00.000Z', 'Mesazhi eshte Pranuar dhe eshte Pergjigjur ne email', 'Mimoza Morina', 'mimoza.morina@hotmail.com');
INSERT INTO [dbo].[ContactForm] ([MesazhiId], [UserId], [Mesazhi], [DataDergeses], [Statusi], [Emri], [Email]) VALUES (73, 11, 'Cilat janë sistemet operative më të përdorura sot në tregun e teknologjisë?', '2024-03-10T00:00:00.000Z', 'Mesazhi eshte Pranuar dhe eshte Pergjigjur ne email', 'Mimoza Morina', 'mimoza.morina@hotmail.com');
INSERT INTO [dbo].[ContactForm] ([MesazhiId], [UserId], [Mesazhi], [DataDergeses], [Statusi], [Emri], [Email]) VALUES (74, 11, 'Cilat janë shembujt më të mira të inteligjencës artificiale në jetën tonë të përditshme?', '2024-02-21T00:00:00.000Z', 'Mesazhi juaj eshte derguar tek Stafi', 'Mimoza Morina', 'mimoza.morina@hotmail.com');
INSERT INTO [dbo].[ContactForm] ([MesazhiId], [UserId], [Mesazhi], [DataDergeses], [Statusi], [Emri], [Email]) VALUES (75, 11, 'Si mund të përdor në mënyrë më efikase telefoni inteligjent?', '2024-04-21T00:00:00.000Z', 'Mesazhi juaj eshte derguar tek Stafi', 'Mimoza Morina', 'mimoza.morina@hotmail.com');
INSERT INTO [dbo].[ContactForm] ([MesazhiId], [UserId], [Mesazhi], [DataDergeses], [Statusi], [Emri], [Email]) VALUES (76, 11, 'Si përdoren robotët në industrinë e automobilizmit?', '2024-04-02T00:00:00.000Z', 'Mesazhi eshte Pranuar dhe eshte Pergjigjur ne email', 'Mimoza Morina', 'mimoza.morina@hotmail.com');
INSERT INTO [dbo].[ContactForm] ([MesazhiId], [UserId], [Mesazhi], [DataDergeses], [Statusi], [Emri], [Email]) VALUES (77, 11, 'Si ndikojnë teknologjitë e internetit të gjërave në jetën tonë të përditshme?', '2024-03-10T00:00:00.000Z', 'Mesazhi juaj eshte derguar tek Stafi', 'Mimoza Morina', 'mimoza.morina@hotmail.com');
INSERT INTO [dbo].[ContactForm] ([MesazhiId], [UserId], [Mesazhi], [DataDergeses], [Statusi], [Emri], [Email]) VALUES (78, 11, 'Cilat janë sistemet operative më të përdorura sot në tregun e teknologjisë?', '2024-02-28T00:00:00.000Z', 'Mesazhi juaj eshte derguar tek Stafi', 'Mimoza Morina', 'mimoza.morina@hotmail.com');
INSERT INTO [dbo].[ContactForm] ([MesazhiId], [UserId], [Mesazhi], [DataDergeses], [Statusi], [Emri], [Email]) VALUES (79, 11, 'Cilat janë karakteristikat kryesore të një aplikacioni mobil të suksesshëm?', '2024-02-02T00:00:00.000Z', 'Mesazhi juaj eshte derguar tek Stafi', 'Mimoza Morina', 'mimoza.morina@hotmail.com');
INSERT INTO [dbo].[ContactForm] ([MesazhiId], [UserId], [Mesazhi], [DataDergeses], [Statusi], [Emri], [Email]) VALUES (80, 11, 'Si mund të përdor në mënyrë më efikase telefoni inteligjent?', '2024-03-25T00:00:00.000Z', 'Mesazhi eshte Pranuar dhe eshte Pergjigjur ne email', 'Mimoza Morina', 'mimoza.morina@hotmail.com');
INSERT INTO [dbo].[ContactForm] ([MesazhiId], [UserId], [Mesazhi], [DataDergeses], [Statusi], [Emri], [Email]) VALUES (81, 12, 'Si funksionon rrjeti i qelizave në kontekstin e telefonisë celular?', '2024-04-27T00:00:00.000Z', 'Mesazhi eshte Pranuar dhe eshte Pergjigjur ne email', 'Ardian Beqiri', 'ardian.beqiri@gmail.com');
INSERT INTO [dbo].[ContactForm] ([MesazhiId], [UserId], [Mesazhi], [DataDergeses], [Statusi], [Emri], [Email]) VALUES (82, 12, 'Cilat janë karakteristikat kryesore të një aplikacioni mobil të suksesshëm?', '2024-04-09T00:00:00.000Z', 'Mesazhi juaj eshte derguar tek Stafi', 'Ardian Beqiri', 'ardian.beqiri@gmail.com');
INSERT INTO [dbo].[ContactForm] ([MesazhiId], [UserId], [Mesazhi], [DataDergeses], [Statusi], [Emri], [Email]) VALUES (83, 12, 'Cilat janë avantazhet e përdorimit të kompjuterit portativ në punën e përditshme?', '2024-04-21T00:00:00.000Z', 'Mesazhi juaj eshte derguar tek Stafi', 'Ardian Beqiri', 'ardian.beqiri@gmail.com');
INSERT INTO [dbo].[ContactForm] ([MesazhiId], [UserId], [Mesazhi], [DataDergeses], [Statusi], [Emri], [Email]) VALUES (84, 12, 'Cilat janë shembujt më të mira të inteligjencës artificiale në jetën tonë të përditshme?', '2024-02-02T00:00:00.000Z', 'Mesazhi eshte Pranuar dhe eshte Pergjigjur ne email', 'Ardian Beqiri', 'ardian.beqiri@gmail.com');
INSERT INTO [dbo].[ContactForm] ([MesazhiId], [UserId], [Mesazhi], [DataDergeses], [Statusi], [Emri], [Email]) VALUES (85, 12, 'Si mund të përdor në mënyrë më efikase telefoni inteligjent?', '2024-02-23T00:00:00.000Z', 'Mesazhi eshte Pranuar dhe eshte Pergjigjur ne email', 'Ardian Beqiri', 'ardian.beqiri@gmail.com');
INSERT INTO [dbo].[ContactForm] ([MesazhiId], [UserId], [Mesazhi], [DataDergeses], [Statusi], [Emri], [Email]) VALUES (86, 12, 'Si funksionon rrjeti i qelizave në kontekstin e telefonisë celular?', '2024-02-02T00:00:00.000Z', 'Mesazhi juaj eshte derguar tek Stafi', 'Ardian Beqiri', 'ardian.beqiri@gmail.com');
INSERT INTO [dbo].[ContactForm] ([MesazhiId], [UserId], [Mesazhi], [DataDergeses], [Statusi], [Emri], [Email]) VALUES (87, 12, 'Si mund të përmirësoj performancën e kompjuterit duke përdorur një kartelë grafike të fuqishme?', '2024-02-14T00:00:00.000Z', 'Mesazhi juaj eshte derguar tek Stafi', 'Ardian Beqiri', 'ardian.beqiri@gmail.com');
INSERT INTO [dbo].[ContactForm] ([MesazhiId], [UserId], [Mesazhi], [DataDergeses], [Statusi], [Emri], [Email]) VALUES (88, 12, 'Cilat janë përfitimet e përdorimit të sensoreve në pajisjet inteligjente të shtëpisë?', '2024-02-11T00:00:00.000Z', 'Mesazhi juaj eshte derguar tek Stafi', 'Ardian Beqiri', 'ardian.beqiri@gmail.com');
INSERT INTO [dbo].[ContactForm] ([MesazhiId], [UserId], [Mesazhi], [DataDergeses], [Statusi], [Emri], [Email]) VALUES (89, 12, 'Cilat janë shembujt më të mira të inteligjencës artificiale në jetën tonë të përditshme?', '2024-05-19T00:00:00.000Z', 'Mesazhi eshte Pranuar dhe eshte Pergjigjur ne email', 'Ardian Beqiri', 'ardian.beqiri@gmail.com');
INSERT INTO [dbo].[ContactForm] ([MesazhiId], [UserId], [Mesazhi], [DataDergeses], [Statusi], [Emri], [Email]) VALUES (90, 12, 'Si funksionon rrjeti i qelizave në kontekstin e telefonisë celular?', '2024-02-11T00:00:00.000Z', 'Mesazhi eshte Pranuar dhe eshte Pergjigjur ne email', 'Ardian Beqiri', 'ardian.beqiri@gmail.com');
INSERT INTO [dbo].[ContactForm] ([MesazhiId], [UserId], [Mesazhi], [DataDergeses], [Statusi], [Emri], [Email]) VALUES (91, 13, 'Cilat janë sistemet operative më të përdorura sot në tregun e teknologjisë?', '2024-05-18T00:00:00.000Z', 'Mesazhi eshte Pranuar dhe eshte Pergjigjur ne email', 'Besa Mustafa', 'besa.mustafa@outlook.com');
INSERT INTO [dbo].[ContactForm] ([MesazhiId], [UserId], [Mesazhi], [DataDergeses], [Statusi], [Emri], [Email]) VALUES (92, 13, 'Si mund të përdor në mënyrë më efikase telefoni inteligjent?', '2024-02-27T00:00:00.000Z', 'Mesazhi juaj eshte derguar tek Stafi', 'Besa Mustafa', 'besa.mustafa@outlook.com');
INSERT INTO [dbo].[ContactForm] ([MesazhiId], [UserId], [Mesazhi], [DataDergeses], [Statusi], [Emri], [Email]) VALUES (93, 13, 'Si ndikojnë teknologjitë e internetit të gjërave në jetën tonë të përditshme?', '2024-04-14T00:00:00.000Z', 'Mesazhi eshte Pranuar dhe eshte Pergjigjur ne email', 'Besa Mustafa', 'besa.mustafa@outlook.com');
INSERT INTO [dbo].[ContactForm] ([MesazhiId], [UserId], [Mesazhi], [DataDergeses], [Statusi], [Emri], [Email]) VALUES (94, 13, 'Cilat janë shembujt më të mira të inteligjencës artificiale në jetën tonë të përditshme?', '2024-03-20T00:00:00.000Z', 'Mesazhi juaj eshte derguar tek Stafi', 'Besa Mustafa', 'besa.mustafa@outlook.com');
INSERT INTO [dbo].[ContactForm] ([MesazhiId], [UserId], [Mesazhi], [DataDergeses], [Statusi], [Emri], [Email]) VALUES (95, 13, 'Cilat janë përfitimet e përdorimit të sensoreve në pajisjet inteligjente të shtëpisë?', '2024-02-11T00:00:00.000Z', 'Mesazhi juaj eshte derguar tek Stafi', 'Besa Mustafa', 'besa.mustafa@outlook.com');
INSERT INTO [dbo].[ContactForm] ([MesazhiId], [UserId], [Mesazhi], [DataDergeses], [Statusi], [Emri], [Email]) VALUES (96, 13, 'Si funksionon rrjeti i qelizave në kontekstin e telefonisë celular?', '2024-03-31T00:00:00.000Z', 'Mesazhi eshte Pranuar dhe eshte Pergjigjur ne email', 'Besa Mustafa', 'besa.mustafa@outlook.com');
INSERT INTO [dbo].[ContactForm] ([MesazhiId], [UserId], [Mesazhi], [DataDergeses], [Statusi], [Emri], [Email]) VALUES (97, 13, 'Cilat janë avantazhet e përdorimit të kompjuterit portativ në punën e përditshme?', '2024-05-15T00:00:00.000Z', 'Mesazhi juaj eshte derguar tek Stafi', 'Besa Mustafa', 'besa.mustafa@outlook.com');
INSERT INTO [dbo].[ContactForm] ([MesazhiId], [UserId], [Mesazhi], [DataDergeses], [Statusi], [Emri], [Email]) VALUES (98, 13, 'Si përdoren robotët në industrinë e automobilizmit?', '2024-05-10T00:00:00.000Z', 'Mesazhi juaj eshte derguar tek Stafi', 'Besa Mustafa', 'besa.mustafa@outlook.com');
INSERT INTO [dbo].[ContactForm] ([MesazhiId], [UserId], [Mesazhi], [DataDergeses], [Statusi], [Emri], [Email]) VALUES (99, 13, 'Cilat janë avantazhet e përdorimit të kompjuterit portativ në punën e përditshme?', '2024-04-14T00:00:00.000Z', 'Mesazhi eshte Pranuar dhe eshte Pergjigjur ne email', 'Besa Mustafa', 'besa.mustafa@outlook.com');
INSERT INTO [dbo].[ContactForm] ([MesazhiId], [UserId], [Mesazhi], [DataDergeses], [Statusi], [Emri], [Email]) VALUES (100, 13, 'Si mund të përmirësoj performancën e kompjuterit duke përdorur një kartelë grafike të fuqishme?', '2024-04-27T00:00:00.000Z', 'Mesazhi eshte Pranuar dhe eshte Pergjigjur ne email', 'Besa Mustafa', 'besa.mustafa@outlook.com');
SET IDENTITY_INSERT [dbo].[ContactForm] OFF;
SET IDENTITY_INSERT [dbo].[KategoriaProduktit] ON;
INSERT INTO [dbo].[KategoriaProduktit] ([KategoriaId], [LlojiKategoris], [PershkrimiKategoris], [isDeleted]) VALUES (1, 'Smartphone dhe Aksesore', '', 'false');
INSERT INTO [dbo].[KategoriaProduktit] ([KategoriaId], [LlojiKategoris], [PershkrimiKategoris], [isDeleted]) VALUES (2, 'Laptope', '', 'false');
INSERT INTO [dbo].[KategoriaProduktit] ([KategoriaId], [LlojiKategoris], [PershkrimiKategoris], [isDeleted]) VALUES (3, 'Smart Watch dhe Aksesore', 'Ore te menqura te markave te ndryshme', 'false');
INSERT INTO [dbo].[KategoriaProduktit] ([KategoriaId], [LlojiKategoris], [PershkrimiKategoris], [isDeleted]) VALUES (4, 'Foto & Video', '', 'false');
INSERT INTO [dbo].[KategoriaProduktit] ([KategoriaId], [LlojiKategoris], [PershkrimiKategoris], [isDeleted]) VALUES (5, 'Audio dhe Kufje', '', 'false');
INSERT INTO [dbo].[KategoriaProduktit] ([KategoriaId], [LlojiKategoris], [PershkrimiKategoris], [isDeleted]) VALUES (6, 'All in One (AiO) PC', '', 'false');
INSERT INTO [dbo].[KategoriaProduktit] ([KategoriaId], [LlojiKategoris], [PershkrimiKategoris], [isDeleted]) VALUES (7, 'TV & Projektor', '', 'false');
INSERT INTO [dbo].[KategoriaProduktit] ([KategoriaId], [LlojiKategoris], [PershkrimiKategoris], [isDeleted]) VALUES (8, 'Maus & Aksesore', '', 'false');
INSERT INTO [dbo].[KategoriaProduktit] ([KategoriaId], [LlojiKategoris], [PershkrimiKategoris], [isDeleted]) VALUES (9, 'Lodra smart & Dron', '', 'false');
INSERT INTO [dbo].[KategoriaProduktit] ([KategoriaId], [LlojiKategoris], [PershkrimiKategoris], [isDeleted]) VALUES (10, 'Pjesë për kompjuter', 'Pjese te ndryshme per kompjuter, si: Ram, Procesor, GPU etj.', 'false');
INSERT INTO [dbo].[KategoriaProduktit] ([KategoriaId], [LlojiKategoris], [PershkrimiKategoris], [isDeleted]) VALUES (11, 'Wireless Charger', '', 'false');
INSERT INTO [dbo].[KategoriaProduktit] ([KategoriaId], [LlojiKategoris], [PershkrimiKategoris], [isDeleted]) VALUES (12, 'Tablet dhe Aksesore', '', 'false');
INSERT INTO [dbo].[KategoriaProduktit] ([KategoriaId], [LlojiKategoris], [PershkrimiKategoris], [isDeleted]) VALUES (13, 'Paisje Gaming', 'Fanella, Karrige dhe te tjera', 'false');
INSERT INTO [dbo].[KategoriaProduktit] ([KategoriaId], [LlojiKategoris], [PershkrimiKategoris], [isDeleted]) VALUES (14, 'Printer dhe Paisje per Printer', '', 'false');
INSERT INTO [dbo].[KategoriaProduktit] ([KategoriaId], [LlojiKategoris], [PershkrimiKategoris], [isDeleted]) VALUES (15, 'Kabllo te ndryshme & Adapter', '', 'false');
INSERT INTO [dbo].[KategoriaProduktit] ([KategoriaId], [LlojiKategoris], [PershkrimiKategoris], [isDeleted]) VALUES (16, 'Monitor dhe Aksesore', '', 'false');
INSERT INTO [dbo].[KategoriaProduktit] ([KategoriaId], [LlojiKategoris], [PershkrimiKategoris], [isDeleted]) VALUES (17, 'USB, SSD, HDD & Aksesore', '', 'false');
INSERT INTO [dbo].[KategoriaProduktit] ([KategoriaId], [LlojiKategoris], [PershkrimiKategoris], [isDeleted]) VALUES (18, 'Çanta Shpine', '', 'false');
INSERT INTO [dbo].[KategoriaProduktit] ([KategoriaId], [LlojiKategoris], [PershkrimiKategoris], [isDeleted]) VALUES (19, 'Tastiera dhe Aksesore', '', 'false');
INSERT INTO [dbo].[KategoriaProduktit] ([KategoriaId], [LlojiKategoris], [PershkrimiKategoris], [isDeleted]) VALUES (20, 'Karrige', '', 'false');
SET IDENTITY_INSERT [dbo].[KategoriaProduktit] OFF;
INSERT INTO [dbo].[KodiZbritjes] ([Kodi], [DataKrijimit], [QmimiZbritjes], [ProduktiId], [isDeleted]) VALUES ('GV68HP', '2024-05-20T23:30:53.299Z', 15.3, NULL, 'false');
INSERT INTO [dbo].[KodiZbritjes] ([Kodi], [DataKrijimit], [QmimiZbritjes], [ProduktiId], [isDeleted]) VALUES ('JPZH8I', '2024-05-20T23:30:45.494Z', 13, NULL, 'false');
INSERT INTO [dbo].[KodiZbritjes] ([Kodi], [DataKrijimit], [QmimiZbritjes], [ProduktiId], [isDeleted]) VALUES ('Z173BW', '2024-05-20T23:30:33.366Z', 41, NULL, 'true');
SET IDENTITY_INSERT [dbo].[KompanitePartnere] ON;
INSERT INTO [dbo].[KompanitePartnere] ([KompaniaID], [EmriKompanis], [Adresa], [isDeleted]) VALUES (1, 'Apple', '', 'false');
INSERT INTO [dbo].[KompanitePartnere] ([KompaniaID], [EmriKompanis], [Adresa], [isDeleted]) VALUES (2, 'Amd', '', 'false');
INSERT INTO [dbo].[KompanitePartnere] ([KompaniaID], [EmriKompanis], [Adresa], [isDeleted]) VALUES (3, 'Asus', '', 'false');
INSERT INTO [dbo].[KompanitePartnere] ([KompaniaID], [EmriKompanis], [Adresa], [isDeleted]) VALUES (4, 'JBL', '', 'false');
INSERT INTO [dbo].[KompanitePartnere] ([KompaniaID], [EmriKompanis], [Adresa], [isDeleted]) VALUES (5, 'Lenovo', '', 'false');
INSERT INTO [dbo].[KompanitePartnere] ([KompaniaID], [EmriKompanis], [Adresa], [isDeleted]) VALUES (6, 'Logitech', '', 'false');
INSERT INTO [dbo].[KompanitePartnere] ([KompaniaID], [EmriKompanis], [Adresa], [isDeleted]) VALUES (7, 'MSI', '', 'false');
INSERT INTO [dbo].[KompanitePartnere] ([KompaniaID], [EmriKompanis], [Adresa], [isDeleted]) VALUES (8, 'Nvidia', '', 'false');
INSERT INTO [dbo].[KompanitePartnere] ([KompaniaID], [EmriKompanis], [Adresa], [isDeleted]) VALUES (9, 'Razer', '', 'false');
INSERT INTO [dbo].[KompanitePartnere] ([KompaniaID], [EmriKompanis], [Adresa], [isDeleted]) VALUES (10, 'Samsung', '', 'false');
INSERT INTO [dbo].[KompanitePartnere] ([KompaniaID], [EmriKompanis], [Adresa], [isDeleted]) VALUES (11, 'SteelSeries', '', 'false');
INSERT INTO [dbo].[KompanitePartnere] ([KompaniaID], [EmriKompanis], [Adresa], [isDeleted]) VALUES (12, 'Thermaltake', '', 'false');
INSERT INTO [dbo].[KompanitePartnere] ([KompaniaID], [EmriKompanis], [Adresa], [isDeleted]) VALUES (13, 'DJI', '', 'false');
INSERT INTO [dbo].[KompanitePartnere] ([KompaniaID], [EmriKompanis], [Adresa], [isDeleted]) VALUES (14, 'Overmax', '', 'false');
INSERT INTO [dbo].[KompanitePartnere] ([KompaniaID], [EmriKompanis], [Adresa], [isDeleted]) VALUES (15, 'G.Skill', '', 'false');
INSERT INTO [dbo].[KompanitePartnere] ([KompaniaID], [EmriKompanis], [Adresa], [isDeleted]) VALUES (16, 'Akasa', '', 'false');
INSERT INTO [dbo].[KompanitePartnere] ([KompaniaID], [EmriKompanis], [Adresa], [isDeleted]) VALUES (17, 'Corsair', '', 'false');
INSERT INTO [dbo].[KompanitePartnere] ([KompaniaID], [EmriKompanis], [Adresa], [isDeleted]) VALUES (18, 'WD - Western Digital', '', 'false');
INSERT INTO [dbo].[KompanitePartnere] ([KompaniaID], [EmriKompanis], [Adresa], [isDeleted]) VALUES (19, 'HP', '', 'false');
INSERT INTO [dbo].[KompanitePartnere] ([KompaniaID], [EmriKompanis], [Adresa], [isDeleted]) VALUES (20, 'Acer', '', 'false');
INSERT INTO [dbo].[KompanitePartnere] ([KompaniaID], [EmriKompanis], [Adresa], [isDeleted]) VALUES (21, 'ZOWIE - BenQ', '', 'false');
INSERT INTO [dbo].[KompanitePartnere] ([KompaniaID], [EmriKompanis], [Adresa], [isDeleted]) VALUES (22, 'Marvo', '', 'false');
INSERT INTO [dbo].[KompanitePartnere] ([KompaniaID], [EmriKompanis], [Adresa], [isDeleted]) VALUES (23, 'Arctic', '', 'false');
INSERT INTO [dbo].[KompanitePartnere] ([KompaniaID], [EmriKompanis], [Adresa], [isDeleted]) VALUES (24, 'Transcend', '', 'false');
INSERT INTO [dbo].[KompanitePartnere] ([KompaniaID], [EmriKompanis], [Adresa], [isDeleted]) VALUES (25, 'Dell', '', 'false');
INSERT INTO [dbo].[KompanitePartnere] ([KompaniaID], [EmriKompanis], [Adresa], [isDeleted]) VALUES (26, 'Instax', '', 'false');
INSERT INTO [dbo].[KompanitePartnere] ([KompaniaID], [EmriKompanis], [Adresa], [isDeleted]) VALUES (27, 'Canon', '', 'false');
INSERT INTO [dbo].[KompanitePartnere] ([KompaniaID], [EmriKompanis], [Adresa], [isDeleted]) VALUES (28, 'Sony', '', 'false');
INSERT INTO [dbo].[KompanitePartnere] ([KompaniaID], [EmriKompanis], [Adresa], [isDeleted]) VALUES (29, 'SENSE7', '', 'false');
INSERT INTO [dbo].[KompanitePartnere] ([KompaniaID], [EmriKompanis], [Adresa], [isDeleted]) VALUES (30, 'Preyon', '', 'false');
INSERT INTO [dbo].[KompanitePartnere] ([KompaniaID], [EmriKompanis], [Adresa], [isDeleted]) VALUES (31, 'Gjirafa50', '', 'false');
INSERT INTO [dbo].[KompanitePartnere] ([KompaniaID], [EmriKompanis], [Adresa], [isDeleted]) VALUES (32, 'Lenuo', '', 'false');
INSERT INTO [dbo].[KompanitePartnere] ([KompaniaID], [EmriKompanis], [Adresa], [isDeleted]) VALUES (33, 'Intel', '', 'false');
INSERT INTO [dbo].[KompanitePartnere] ([KompaniaID], [EmriKompanis], [Adresa], [isDeleted]) VALUES (34, 'AXAGON', '', 'false');
INSERT INTO [dbo].[KompanitePartnere] ([KompaniaID], [EmriKompanis], [Adresa], [isDeleted]) VALUES (35, 'FIXED', '', 'false');
INSERT INTO [dbo].[KompanitePartnere] ([KompaniaID], [EmriKompanis], [Adresa], [isDeleted]) VALUES (36, 'Kingston', '', 'false');
INSERT INTO [dbo].[KompanitePartnere] ([KompaniaID], [EmriKompanis], [Adresa], [isDeleted]) VALUES (37, 'Seasonic', '', 'false');
INSERT INTO [dbo].[KompanitePartnere] ([KompaniaID], [EmriKompanis], [Adresa], [isDeleted]) VALUES (38, 'Brother', '', 'false');
INSERT INTO [dbo].[KompanitePartnere] ([KompaniaID], [EmriKompanis], [Adresa], [isDeleted]) VALUES (39, 'UGREEN', '', 'false');
INSERT INTO [dbo].[KompanitePartnere] ([KompaniaID], [EmriKompanis], [Adresa], [isDeleted]) VALUES (40, 'HyperX', '', 'false');
INSERT INTO [dbo].[KompanitePartnere] ([KompaniaID], [EmriKompanis], [Adresa], [isDeleted]) VALUES (41, 'Gamebird', '', 'false');
INSERT INTO [dbo].[KompanitePartnere] ([KompaniaID], [EmriKompanis], [Adresa], [isDeleted]) VALUES (42, 'CZC.cz', '', 'false');
INSERT INTO [dbo].[KompanitePartnere] ([KompaniaID], [EmriKompanis], [Adresa], [isDeleted]) VALUES (43, 'Zotac', '', 'false');
INSERT INTO [dbo].[KompanitePartnere] ([KompaniaID], [EmriKompanis], [Adresa], [isDeleted]) VALUES (44, 'SanDisk', '', 'false');
INSERT INTO [dbo].[KompanitePartnere] ([KompaniaID], [EmriKompanis], [Adresa], [isDeleted]) VALUES (45, 'YENKEE', '', 'false');
INSERT INTO [dbo].[KompanitePartnere] ([KompaniaID], [EmriKompanis], [Adresa], [isDeleted]) VALUES (46, 'Gaya Entertainment', '', 'false');
INSERT INTO [dbo].[KompanitePartnere] ([KompaniaID], [EmriKompanis], [Adresa], [isDeleted]) VALUES (47, 'Epico', '', 'false');
SET IDENTITY_INSERT [dbo].[KompanitePartnere] OFF;
SET IDENTITY_INSERT [dbo].[Porosit] ON;
INSERT INTO [dbo].[Porosit] ([IdPorosia], [Totali18TVSH], [Totali8TVSH], [DataPorosis], [StatusiPorosis], [IdKlienti], [Zbritja], [TotaliProdukteve], [AdresaID], [LlojiPageses], [LlojiTransportit], [QmimiTransportit]) VALUES (1, 33.5, 0, '2024-03-30T21:45:31.482Z', 'E Pranuar nga Klienti', 1, 0, 1, 1, 'Stripe', 'Merre ne zyre', '0');
INSERT INTO [dbo].[Porosit] ([IdPorosia], [Totali18TVSH], [Totali8TVSH], [DataPorosis], [StatusiPorosis], [IdKlienti], [Zbritja], [TotaliProdukteve], [AdresaID], [LlojiPageses], [LlojiTransportit], [QmimiTransportit]) VALUES (2, 18.5, 0, '2024-04-02T03:10:20.995Z', 'E Pranuar nga Klienti', 1, 0, 1, 1, 'Cash', 'Merre ne zyre', '0');
INSERT INTO [dbo].[Porosit] ([IdPorosia], [Totali18TVSH], [Totali8TVSH], [DataPorosis], [StatusiPorosis], [IdKlienti], [Zbritja], [TotaliProdukteve], [AdresaID], [LlojiPageses], [LlojiTransportit], [QmimiTransportit]) VALUES (3, 19.5, 0, '2024-04-10T08:34:57.789Z', 'E Pranuar nga Klienti', 1, 0, 1, 1, 'Cash', 'Merre ne zyre', '0');
INSERT INTO [dbo].[Porosit] ([IdPorosia], [Totali18TVSH], [Totali8TVSH], [DataPorosis], [StatusiPorosis], [IdKlienti], [Zbritja], [TotaliProdukteve], [AdresaID], [LlojiPageses], [LlojiTransportit], [QmimiTransportit]) VALUES (4, 1613.5, 0, '2024-04-15T23:30:12.467Z', 'E Pranuar nga Klienti', 4, 41, 3, 4, 'Cash', 'Merre ne zyre', '0');
INSERT INTO [dbo].[Porosit] ([IdPorosia], [Totali18TVSH], [Totali8TVSH], [DataPorosis], [StatusiPorosis], [IdKlienti], [Zbritja], [TotaliProdukteve], [AdresaID], [LlojiPageses], [LlojiTransportit], [QmimiTransportit]) VALUES (5, 70, 0, '2024-04-20T12:15:42.567Z', 'E Pranuar nga Klienti', 4, 15.3, 2, 4, 'Cash', 'Merre ne zyre', '0');
INSERT INTO [dbo].[Porosit] ([IdPorosia], [Totali18TVSH], [Totali8TVSH], [DataPorosis], [StatusiPorosis], [IdKlienti], [Zbritja], [TotaliProdukteve], [AdresaID], [LlojiPageses], [LlojiTransportit], [QmimiTransportit]) VALUES (6, 176, 0, '2024-04-22T06:44:29.354Z', 'E Pranuar nga Klienti', 5, 41, 2, 5, 'Stripe', 'Merre ne zyre', '0');
INSERT INTO [dbo].[Porosit] ([IdPorosia], [Totali18TVSH], [Totali8TVSH], [DataPorosis], [StatusiPorosis], [IdKlienti], [Zbritja], [TotaliProdukteve], [AdresaID], [LlojiPageses], [LlojiTransportit], [QmimiTransportit]) VALUES (7, 1599.5, 0, '2024-04-28T14:58:19.879Z', 'E Pranuar nga Klienti', 5, 0, 1, 5, 'Cash', 'Merre ne zyre', '0');
INSERT INTO [dbo].[Porosit] ([IdPorosia], [Totali18TVSH], [Totali8TVSH], [DataPorosis], [StatusiPorosis], [IdKlienti], [Zbritja], [TotaliProdukteve], [AdresaID], [LlojiPageses], [LlojiTransportit], [QmimiTransportit]) VALUES (8, 144, 0, '2024-05-19T08:23:14.587Z', 'E Dorezuar Tek Postieri', 6, 0, 2, 6, 'Cash', 'Merre ne zyre', '0');
INSERT INTO [dbo].[Porosit] ([IdPorosia], [Totali18TVSH], [Totali8TVSH], [DataPorosis], [StatusiPorosis], [IdKlienti], [Zbritja], [TotaliProdukteve], [AdresaID], [LlojiPageses], [LlojiTransportit], [QmimiTransportit]) VALUES (9, 139.5, 0, '2024-05-19T17:36:22.499Z', 'E Dorezuar Tek Postieri', 6, 0, 1, 6, 'Stripe', 'Merre ne zyre', '0');
INSERT INTO [dbo].[Porosit] ([IdPorosia], [Totali18TVSH], [Totali8TVSH], [DataPorosis], [StatusiPorosis], [IdKlienti], [Zbritja], [TotaliProdukteve], [AdresaID], [LlojiPageses], [LlojiTransportit], [QmimiTransportit]) VALUES (10, 37, 0, '2024-05-20T12:15:09.341Z', 'E Pergaditur', 7, 13, 2, 7, 'Cash', 'Merre ne zyre', '0');
INSERT INTO [dbo].[Porosit] ([IdPorosia], [Totali18TVSH], [Totali8TVSH], [DataPorosis], [StatusiPorosis], [IdKlienti], [Zbritja], [TotaliProdukteve], [AdresaID], [LlojiPageses], [LlojiTransportit], [QmimiTransportit]) VALUES (11, 1547, 0, '2024-05-20T15:45:56.721Z', 'E Verifikuar', 8, 15.3, 2, 8, 'Stripe', 'Merre ne zyre', '0');
SET IDENTITY_INSERT [dbo].[Porosit] OFF;
SET IDENTITY_INSERT [dbo].[Produkti] ON;
INSERT INTO [dbo].[Produkti] ([ProduktiId], [EmriProduktit], [Pershkrimi], [FotoProduktit], [KompaniaId], [KategoriaId], [isDeleted]) VALUES (1, 'Laptop ASUS TUF Gaming F15 (2021), 15.6"', 'Ky laptop është i pajisur me karakteristika të shkëlqyeshme. Ai mundësohet nga një procesor 6-core Intel Core i5 11400H që funksionon me një frekuencë 2.7 GHz deri në 4.5 GHz. Procesori plotësohet me 16 GB DDR4 SODIMM (slot). Hard disku 512 GB SSD M.2 PCIe NVMe shërben për të dhënat. Disku optik mungon. Të dhënat e figurës për ekranin 15.6 " IPS me rezolucion 1920 x 1080 (Full HD) piksel janë siguruar nga kartela grafike NVIDIA GeForce RTX 3050Ti. Prej ndërfaqeve përfshin HDMI 2.0, mbështetje DisplayPort, RJ-45, 3 porte USB 3.0/3.1/3.2 Gen 1 Type-A dhe 1x Thunderbolt 4/USB4. Poashtu, laptopi mbështet standardet Wi-Fi a / b / g / n / ac / ax dhe Bluetooth v5.2. Lloji i kartës së rrjetit GLAN, WLAN. Ndër karakteristikat e tjera laptopi ka një tastierë me ndriçim dhe me taste numerike. Poashtu, përfshihen 2 altoparlantë 2W. Bateria ka kapacitet 3-cell, 48Wh. Fuqia maksimale e furnizimit me energji 180 W. Laptopi vjen me sistemin operativ Windows 11 Home.', '4f1a1bb474a44774ab22b23349dc81bd.webp', 3, 2, 'false');
INSERT INTO [dbo].[Produkti] ([ProduktiId], [EmriProduktit], [Pershkrimi], [FotoProduktit], [KompaniaId], [KategoriaId], [isDeleted]) VALUES (2, 'Laptop Razer Blade 15, 15.6", Intel Core i7 13800H, 16 GB RAM, 1 TB SSD, NVIDIA GeForce RTX 4060, i zi', 'Shënim: Tastiera te pjesa numerike mund të ketë disa simbole të huaja. Ndërsa, sistemi operativ është në version provues ose nuk është i instaluar fare. Përshkrimi është duke u përpunuar, ndërkohë mund të shikoni specifikat teknike, apo kontaktoni në chat, email dhe messenger për detaje të mëtutjeshme.Ju faleminderit për mirëkuptim.', '8a0a413e5d0a48b7a9980df30cf1bf07.webp', 9, 2, 'false');
INSERT INTO [dbo].[Produkti] ([ProduktiId], [EmriProduktit], [Pershkrimi], [FotoProduktit], [KompaniaId], [KategoriaId], [isDeleted]) VALUES (3, 'Celular Samsung Galaxy S23 Ultra, 6.8", 8GB RAM, 256GB, i zi', 'Përshkrimi është duke u përpunuar, ndërkohë mund të shikoni specifikat teknike, apo kontaktoni në chat, email dhe messenger për detaje të mëtutjeshme.Ju faleminderit për mirëkuptim.', '42803499c1a34643badad0d35b2b30d7.webp', 10, 1, 'false');
INSERT INTO [dbo].[Produkti] ([ProduktiId], [EmriProduktit], [Pershkrimi], [FotoProduktit], [KompaniaId], [KategoriaId], [isDeleted]) VALUES (4, 'Laptop Lenovo NB IdeaPad 3 15ALC6, 15.6", AMD Ryzen 3, 4GB RAM, 128GB SSD, AMD Graphics, i kaltër', '', '2e568a5e076646009a4ccf4c2d51675f.webp', 5, 2, 'false');
INSERT INTO [dbo].[Produkti] ([ProduktiId], [EmriProduktit], [Pershkrimi], [FotoProduktit], [KompaniaId], [KategoriaId], [isDeleted]) VALUES (5, 'Laptop Lenovo ThinkPad P14s Gen 3 (AMD), 14", AMD Ryzen 7 Pro, 16GB RAM, 512GB SSD, AMD Radeon 680M, i zi', 'Shënim: Tastiera te pjesa numerike ka disa simbole çeke. Ndërsa, Microsoft Office është në verzion provues ose nuk është i instaluar fare.

Laptopi profesional Lenovo ThinkPad P14s Gen 3 (AMD) në këtë dizajn përdor një procesor AMD Ryzen 7 PRO 6850U me 8 bërthama (2.7/4.7 GHz, 16 threads, 16 MB L3). Procesori plotësohet nga 16 GB memorie operative LPDDR5 (në pllakë / pa slot). Një hard disk 512 GB SSD M.2 PCIe 4.0 NVMe Opal2 është menduar për të dhënat e përdoruesit. Ekrani me prekje 14" IPS WUXGA (1920 x 1200 piksele, 300 nit, 45% NTSC) ofrohet nga karta grafike AMD Radeon 680M.

Ndërfaqet e rrjetit të laptopit janë wireless Wi-Fi 6E ax dhe Gigabit Ethernet me kabllo. Pajisje të tjera të gjera ofrojnë Bluetooth 5.1, 2x Type-C 3.1/3.2 Gen 2, 2x USB 3.0/3.1/3.2 Gen 1, HDMI, lidhës i kombinuar kufje/mikrofoni, kamerë IR/FHD, lexues të gjurmëve të gishtërinjve, lexues i kartave me çip dhe tastierë me ndriçim të pasmë. Laptopi është gati për modulin WWAN dhe ka një slot Nano-SIM. Shasia është bërë nga materiale moderne - PC + 20% fibër karboni dhe 50% fibër xhami në kapakun e ekranit dhe bazën PPS. Një bateri 52,5 Wh përdoret për energji. Laptopi vjen me sistemin operativ Windows 11 Pro.', 'b76fc266f2794039be9afafbb857d2fc.webp', 5, 2, 'false');
INSERT INTO [dbo].[Produkti] ([ProduktiId], [EmriProduktit], [Pershkrimi], [FotoProduktit], [KompaniaId], [KategoriaId], [isDeleted]) VALUES (6, 'Mauspad SteelSeries QcK Heavy M', 'Ky mauspad është krijuar nga materiale cilësore me qëndrueshmëri të lartë. Është i përshtatshëm për maus optikë dhe laserikë. Lahet lehtë dhe pjesa përfundi ka sipërfaqe të parrëshqitshme. Përmasat e tij janë 320 x 270 x 6 mm.', '66cdbf9023de4e6ebde21fd71d3da2fd.webp', 11, 8, 'false');
INSERT INTO [dbo].[Produkti] ([ProduktiId], [EmriProduktit], [Pershkrimi], [FotoProduktit], [KompaniaId], [KategoriaId], [isDeleted]) VALUES (7, 'Maus pad SteelSeries QcK Edge XL', '', '768059756ea542d0afec8a334ac26acb.webp', 11, 8, 'false');
INSERT INTO [dbo].[Produkti] ([ProduktiId], [EmriProduktit], [Pershkrimi], [FotoProduktit], [KompaniaId], [KategoriaId], [isDeleted]) VALUES (8, 'Dron DJI Avata Pro-View Combo (DJI Goggles 2)', '', '2d1e87c5c76149608211840e5bc2708b.webp', 13, 9, 'false');
INSERT INTO [dbo].[Produkti] ([ProduktiId], [EmriProduktit], [Pershkrimi], [FotoProduktit], [KompaniaId], [KategoriaId], [isDeleted]) VALUES (9, 'Dron Overmax X-Bee, 600 m, i zi', '', '59b6afb8c802426a8e5f500e4026f43c.webp', 14, 9, 'false');
INSERT INTO [dbo].[Produkti] ([ProduktiId], [EmriProduktit], [Pershkrimi], [FotoProduktit], [KompaniaId], [KategoriaId], [isDeleted]) VALUES (10, 'Dron DJI Tello EDU, i zi', 'Tello EDU është një dron i programueshëm i krijuar për edukim. Me të, ju mund të mësoni lehtësisht gjuhë programimi si Scratch, Python dhe Swift. Falë SDK 2.0 të përmirësuar, Tello EDU është në gjendje të ekzekutojë komanda të avancuara. Për më tepër, droni është pajisur edhe me ndërfaqe të gjera të të dhënave. I pajisur me teknologjinë e kontrollit të fluturimit të DJI, Tello EDU mbështet stabilizimin elektronik të imazhit. Shumë drone Tello EDU mund të programohen njëkohësisht me një pajisje. Shkruani kodin për të kontrolluar formacionet e dronëve mbi dyshekë të veçantë dhe për të kryer marifete të ndryshme. Bëhuni një mjeshtër programimi ndërsa zhvilloni krijimtarinë tuaj!', '0d5e956bbfea428f9a34cc7931a35410.webp', 13, 9, 'false');
INSERT INTO [dbo].[Produkti] ([ProduktiId], [EmriProduktit], [Pershkrimi], [FotoProduktit], [KompaniaId], [KategoriaId], [isDeleted]) VALUES (11, 'Kasë Thermaltake Core P3, e bardhë', 'Core P3 TG është një kasë me kornizë të hapur me aftësi të jashtëzakonshme shikimi. Paneli i përparmë i xhamit të kalbur me trashësi 5 mm garanton qëndrueshmërinë e dritares dhe e shfaq ndërtimin tuaj me qartësi të qartë. Përdoruesit mund të shikojnë plotësisht çdo komponent të sistemit dhe të tregojnë përkushtimin dhe grupin e aftësive të tyre. Kasa është e përshtatshme me pllakat amë ATX, Micro ATX (uATX), Mini ITX. Mund të instaloni kartë grafike me gjatësi maksimale 45cm. Në panelin e përparmë kasa ka 2x USB 2.0, 2x USB 3.0, lidhës për kufje dhe mikrofon.', '1d57a7fd4eb84e4591d6dfb646e92183.webp', 12, 10, 'false');
INSERT INTO [dbo].[Produkti] ([ProduktiId], [EmriProduktit], [Pershkrimi], [FotoProduktit], [KompaniaId], [KategoriaId], [isDeleted]) VALUES (12, 'Flutur ftohëse Arctic P14 PWM - 140 mm', '', '7a9c6afa06244dc3971c304782997ff4.webp', 23, 10, 'false');
INSERT INTO [dbo].[Produkti] ([ProduktiId], [EmriProduktit], [Pershkrimi], [FotoProduktit], [KompaniaId], [KategoriaId], [isDeleted]) VALUES (13, 'Memorie G. Skill DDR4, 8 GB, 2400 MHz, CL17', 'Memoria e tillë G.Skill RAM prej 8 GB do të garantojë komoditet të lartë përdorimi për shumë aplikacione. Njerëzit që presin performancë maksimale dhe kursime të larta të energjisë duhet të arrijnë te memoria DDR4. Një memorie e tillë do tju lejojë të argëtoheni me performancë të shkëlqyer të operimit. Nëse kompjuteri ngadalësohet pas njëfarë kohe, do të jetë e mundur të zgjerohet memoria RAM. Vonesa CL17 do tju lejojë të punoni rehat me programet e zyrës, si dhe me shumë lojëra kërkuese. Tensioni prej 1.2 V fuqizon çipat e memories DDR4, që do të thotë 20% konsum më të ulët të energjisë në krahasim me DDR3 dhe gjerësi bande më të lartë. Ky variant do të jetë një zgjidhje perfekte për përdoruesit që presin punë të rehatshme dhe, në të njëjtën kohë, kursime të larta të energjisë.', '518028ed2190457dae312b34de40967d.webp', 15, 10, 'false');
INSERT INTO [dbo].[Produkti] ([ProduktiId], [EmriProduktit], [Pershkrimi], [FotoProduktit], [KompaniaId], [KategoriaId], [isDeleted]) VALUES (14, 'SSD Transcend MTE220S, M.2 - 256GB', '', '4dfe5a3c118e4850988b3bf9099bac51.webp', 24, 17, 'false');
INSERT INTO [dbo].[Produkti] ([ProduktiId], [EmriProduktit], [Pershkrimi], [FotoProduktit], [KompaniaId], [KategoriaId], [isDeleted]) VALUES (15, 'Ftohës Akasa SOHO 240 Dawn Edition, ARGB, i bardhë', '', '0cebae804b8141b6a8100cbcdec9ea8b.webp', 16, 10, 'false');
INSERT INTO [dbo].[Produkti] ([ProduktiId], [EmriProduktit], [Pershkrimi], [FotoProduktit], [KompaniaId], [KategoriaId], [isDeleted]) VALUES (16, 'Përshtatës i brendshëm Akasa AK-CBUB37-50BK', '', 'dd96d47de634429f94fbbc35161bff76.webp', 16, 15, 'false');
INSERT INTO [dbo].[Produkti] ([ProduktiId], [EmriProduktit], [Pershkrimi], [FotoProduktit], [KompaniaId], [KategoriaId], [isDeleted]) VALUES (17, 'Ftohës Corsair ML120 PRO RGB, 120mm', '', '274ea08baa884fb0ae1f7e1485054ff5.webp', 17, 10, 'false');
INSERT INTO [dbo].[Produkti] ([ProduktiId], [EmriProduktit], [Pershkrimi], [FotoProduktit], [KompaniaId], [KategoriaId], [isDeleted]) VALUES (18, 'Pastë Arctic MX-4 2019 (4g)', '', 'edde26b404fe4fdc85cecbb8351eabe4.webp', 23, 10, 'false');
INSERT INTO [dbo].[Produkti] ([ProduktiId], [EmriProduktit], [Pershkrimi], [FotoProduktit], [KompaniaId], [KategoriaId], [isDeleted]) VALUES (19, 'Hard disk WD SSD SN550 Gen3, M.2 - 250GB', 'Ky hard disk i shpejtë dhe i besueshëm me format SSD M.2 2280 është dizajnuar për laptopë dhe kompjuterë. Ka ndërfaqe PCle NVMe 3.0 x 4 dhe kapacitet 250 GB. Arrin shpejtësi leximi 3300 MB/s dhe shkrimi 1200 Mb/s. Është rezistent ndaj tronditjeve.', '53c424b9369f4658a8b8cd1be24916a6.webp', 23, 17, 'false');
INSERT INTO [dbo].[Produkti] ([ProduktiId], [EmriProduktit], [Pershkrimi], [FotoProduktit], [KompaniaId], [KategoriaId], [isDeleted]) VALUES (20, 'Kompjuter ACER Aspire AIO C24-1800 23.8"FHD, i3-1305U, 8GB, 512GB SSD M.2, Intel UHD, W11P', '', 'b49a5187f9e04173953b3a5901baf0c3.webp', 20, 6, 'false');
INSERT INTO [dbo].[Produkti] ([ProduktiId], [EmriProduktit], [Pershkrimi], [FotoProduktit], [KompaniaId], [KategoriaId], [isDeleted]) VALUES (21, 'Kompjuter DELL Inspiron 5420 24"FHD, i7-1355U, 16GB, 512GB SSD M.2, Intel UHD, W11P', '', 'f6ea0eed55f54d45beae53a14d10b904.webp', 25, 6, 'false');
INSERT INTO [dbo].[Produkti] ([ProduktiId], [EmriProduktit], [Pershkrimi], [FotoProduktit], [KompaniaId], [KategoriaId], [isDeleted]) VALUES (22, 'Kompjuter HP ENVY 34-c1001nc, 34", Intel Core i7, 32GB RAM, 1TB SSD, NVIDIA GeForce RTX 3060, i argjendtë', '', '0158b6bb488a4b02ac8d60907db0fe08.webp', 19, 6, 'false');
INSERT INTO [dbo].[Produkti] ([ProduktiId], [EmriProduktit], [Pershkrimi], [FotoProduktit], [KompaniaId], [KategoriaId], [isDeleted]) VALUES (23, 'Apple iMac 24", M3 8-core, 8GB, 256GB, 8-core GPU, Pink', 'Njihuni me Apple iMac 24" M3, një kompjuter desktop elegant dhe i fuqishëm, All-in-one që riimagjinon përvojën tuaj informatike me stil dhe performancë. Ky iMac i jashtëzakonshëm kombinon teknologjinë e fundit me një dizajn elegant, duke e bërë atë shtesën e përsosur për çdo moderne hapësirën e punës. Në thelb të Apple iMac 24" M3 është procesori i fuqishëm M3, që ofron performancë mbresëlënëse për një gamë të gjerë detyrash. Pavarësisht nëse jeni duke punuar në projekte kreative, duke menagjuar biznesin tuaj ose duke shijuar përmbajtje multimediale, procesori M3 siguron që gjithçka funksionon pa probleme dhe me efikasitet.

 

Tipari i spikatur i këtij iMac është ekrani i tij mahnitës 24 inch Retina 4.5K. Ky ekran me rezolucion të lartë ofron ngjyra të shkëlqyera, të vërteta, detaje të mprehta dhe qartësi të jashtëzakonshme. Pavarësisht nëse redaktoni foto, shikoni video 4K ose thjesht shfletoni ueb, ekrani i iMac-it e jep përmbajtjen tuaj në jetë me një gjallëri të jashtëzakonshme. Dizajni i iMac është po aq mbresëlënës sa edhe performanca e tij. Me profilin e tij të hollë, iMac është një mrekulli që kursen hapësirë dhe grupi i gjallë i opsioneve të ngjyrave ju lejon të zgjidhni një përfundim që plotëson stilin dhe hapësirën tuaj të punës. Dizajni elegant dhe pa kufij, i kombinuar me ekranin e gjallë 4.5K, krijon një përvojë zhytëse kompjuterike.

 

iMac mbështet një sërë aksesorësh dhe pajisjesh periferike, duke e bërë atë të gjithanshëm dhe të adaptueshëm për nevojat tuaja. Me Apple iMac 24" M3, ju nuk po merrni vetëm një kompjuter; po investoni në një përvojë gjithëpërfshirëse kompjuterike që ndërthur pa probleme estetikën dhe performancën. Pavarësisht nëse jeni një profesionist krijues, student ose kushdo që vlerëson të dyja format dhe funksionon, iMac 24" M3 është porta juaj për në botën e produktivitetit dhe kreativitetit në një paketë të dizajnuar bukur.', '69344765b5a748ef8b201cb433688471.webp', 1, 6, 'false');
INSERT INTO [dbo].[Produkti] ([ProduktiId], [EmriProduktit], [Pershkrimi], [FotoProduktit], [KompaniaId], [KategoriaId], [isDeleted]) VALUES (24, 'Projektor Acer H6542BDK, i bardhë', 'Projektori Acer H6542BDK është një projektor kompakt dhe i lehtë që transportohet lehtë dhe për këtë arsye është një ndihmës ideal për prezantime të ndryshme biznesi, por edhe për projektimin në shtëpi. Projektori përdor teknologjinë DLP, e cila gjithashtu ofron cilësi të shkëlqyera të ekranit 3D, video më të butë, kontrast më të lartë me ngjyra realiste. Krijon një imazh të mprehtë me saktësi të paparë të ekranit dhe një shkallë të lartë rifreskimi. Projektori është i pajisur me një port HDMI, falë së cilës është e mundur të lidhni shpejt dhe me lehtësi pajisje të ndryshme burimore me rezolucion të lartë imazhi. Projektori ofron ndriçim prej 4000 lm, rezolucion HD 1920 x 1080 dhe kontrast 10000:1. Jetëgjatësia e llambës në modalitetin super eko deri në 20,000 orë, opsioni i projektimit me wireless. Ka altoparlant 1 x 3 W. Pesha e projektorit është 2.6 kg.', 'aede0480b5e14517a1fc09617b97e934.webp', 20, 7, 'false');
INSERT INTO [dbo].[Produkti] ([ProduktiId], [EmriProduktit], [Pershkrimi], [FotoProduktit], [KompaniaId], [KategoriaId], [isDeleted]) VALUES (25, 'Maus ZOWIE by BenQ S1,i zi', '', '0d9f35d12577439a8d507556069ea0ce.webp', 21, 8, 'false');
INSERT INTO [dbo].[Produkti] ([ProduktiId], [EmriProduktit], [Pershkrimi], [FotoProduktit], [KompaniaId], [KategoriaId], [isDeleted]) VALUES (26, 'Maus Marvo M720W, i zi', '', 'd11176662fd54cb386d89c04bb34b988.webp', 22, 8, 'false');
INSERT INTO [dbo].[Produkti] ([ProduktiId], [EmriProduktit], [Pershkrimi], [FotoProduktit], [KompaniaId], [KategoriaId], [isDeleted]) VALUES (27, 'Apple Macbook Pro 16", M3 Pro 12-Core, 36GB, 512GB, 16-Core GPU, Space Black', 'Njihuni me Apple MacBook Pro 16" M3 Pro, një laptop me performancë të lartë që ripërcakton kufijtë e kompjuterit portativ. Kjo pajisje është projektuar posaçërisht për të përmbushur nevojat e profesionistëve, krijuesve dhe përdoruesve të fuqishëm që kërkojnë fuqi të pashembullt përpunuese, me bujari ekran me përmasa dhe risitë më të fundit në teknologji. Në thelb të Apple MacBook Pro 16" M3 Pro është procesori i mrekullueshëm M3 Pro, duke vendosur një standard të ri për performancën e laptopit. Me aftësitë e tij mbresëlënëse të përpunimit dhe veçoritë e avancuara të multitasking, ai trajton pa mundim detyra që kërkojnë burime intensive, nga redaktimi i videos dhe 3D pasqyrim në analizën e të dhënave dhe më gjerë. Pavarësisht nga kompleksiteti i ngarkesës suaj të punës, M3 Pro siguron një përvojë të shpejtë dhe efikase.

 

Ekrani Retina 16 inch është një kryevepër vizuale, duke ofruar një kanavacë të gjerë me ngjyra mahnitëse, detaje të qarta kristal dhe kontrast të thellë. Pavarësisht nëse jeni i angazhuar në dizajn grafik, redaktim video, lojëra gjithëpërfshirëse ose thjesht duke shijuar përmbajtje me definicion të lartë, madhësia më e madhe e ekranit ofron një përvojë shikimi më gjithëpërfshirëse dhe më të gjallë. MacBook Pro 16" M3 Pro i qëndron besnik traditës së përsosmërisë së dizajnit të Apple, duke shfaqur një formë të hijshme dhe elegante.

 

Ekosistemi macOS siguron një përvojë të qetë, të sigurt dhe miqësore për përdoruesit. Karakteristika të tilla si një aparat fotografik FaceTime HD me cilësi të lartë, një tastierë reaguese dhe e rehatshme dhe një tastierë e saktë, përmirësojnë përdorshmërinë tuaj të përgjithshme. Përfshirja e Touch ID garanton akses të shpejtë dhe të sigurt në pajisjen tuaj dhe të dhënat personale. Për sa i përket lidhjes, ky laptop është i pajisur mirë me një shumëllojshmëri portash, duke përfshirë Thunderbolt 4, dhe mbështet opsionet e lidhjes me valë, duke ju lejuar të lidhni me lehtësi aksesorët, pajisjet periferike dhe pajisjet e tjera.

 

Si përmbledhje, Apple MacBook Pro 16" M3 Pro është bashkimi i performancës dhe stilit të laptopit. Qoftë nëse je një profesionist që kërkon fuqi kompjuterike të nivelit të lartë, një krijues përmbajtjesh me kërkesa kërkuese ose një përdorues i zgjuar në kërkim të më të mirës, ky laptop tejkalon të gjitha pritjet, duke vendosur standarde të reja për atë që mund të arrijë një kompjuter portativ.', '146fb8fff3d843b7a2a64e9f9397ef0f.webp', 1, 2, 'false');
INSERT INTO [dbo].[Produkti] ([ProduktiId], [EmriProduktit], [Pershkrimi], [FotoProduktit], [KompaniaId], [KategoriaId], [isDeleted]) VALUES (28, 'Kufje Logitech G432, të zeza', 'Kufje të fuqishme por shumë të rehatshme 50mm. X 2.0 mbështetja e zërit shtesë e gjeneratës së ardhshme. Dizajnuar për përdorim me të gjitha platformat e lojërave dhe pajisjet mobile, USB DAC dhe lidhës 3.5mm. Ata janë në përputhje me PC, Mac, PS4, Xbox One, Nintendo Switch dhe gjithashtu me pajisje të lëvizshme. Mikrofoni 6mm me funksionin "mute". 107 dB ndjeshmëri SPL / MW. Përgjigjja frekuencore 20 - 20,000 Hz. Impedancë 39 Ohm (pasive), 5 kiloohm (aktive). Gjatësia e kabllit 2 m. Të lehta me peshë prej 303 g (me kabllo). Përmasat 172 x 81.7 x 182 mm.', '9dff6b0719484b41881e43349a3fca45.webp', 6, 5, 'false');
INSERT INTO [dbo].[Produkti] ([ProduktiId], [EmriProduktit], [Pershkrimi], [FotoProduktit], [KompaniaId], [KategoriaId], [isDeleted]) VALUES (29, 'Hard disk Samsung SSD 970 EVO PLUS, M.2 - 250GB', '', 'f28634dafdc1428fa1cf54e7cac60386.webp', 10, 17, 'false');
INSERT INTO [dbo].[Produkti] ([ProduktiId], [EmriProduktit], [Pershkrimi], [FotoProduktit], [KompaniaId], [KategoriaId], [isDeleted]) VALUES (30, 'Disk portativ WD Elements, 2TB, i zi', 'WD Elements ofron një hard disk portativ dhe modern. Me kapacitet 2 TB dhe peshë të lehtë (vetëm 230 gram), ofron shumë hapësirë për një sërë të dhënash. Pjesa e tij përbërëse është një mbulesë e fortë, duke e bërë diskun më rezistent ndaj dëmtimit. Ruajtja mbështet pa probleme pajisjet e fundit USB 3.0 dhe gjithashtu është i pajtueshëm me kompjuterët USB 2.0. Pajisja në modalitetin USB 3.0 transferon deri në 5 Gb / s, nëse e lidhni atë me një kompjuter që mbështet USB 2.0, do të duhet të jeni më i ngadaltë, por gjithsesi i mjaftueshëm i shpejtë maksimal teorik deri në 480 Mb / s. Disku është i formatuar nga fabrika me NTFS dhe është në përputhje me Windows 8, Windows 7, Windows Vista dhe Windows XP. Ato mund të riformatohen pa vështirësi për sistemet Mac. Kjo bën të mundur që pronarët e kompjuterave me sisteme të ndryshme operative të përdorin diskun. Dimensionet e tij janë 21 x 111 x 82mm.', '8e11654e23464a9793fc4849cedea6b2.webp', 18, 17, 'false');
INSERT INTO [dbo].[Produkti] ([ProduktiId], [EmriProduktit], [Pershkrimi], [FotoProduktit], [KompaniaId], [KategoriaId], [isDeleted]) VALUES (31, 'Disk i jashtëm Transcend Jet 25H3B, 1 TB, i zi / kaltër', '', 'baa8b541acec455792c1b9e2173e5760.webp', 24, 17, 'false');
INSERT INTO [dbo].[Produkti] ([ProduktiId], [EmriProduktit], [Pershkrimi], [FotoProduktit], [KompaniaId], [KategoriaId], [isDeleted]) VALUES (32, 'Apple Macbook Pro 16", M3 Pro 12-Core, 18GB, 512GB, 16-Core GPU, Space Black', '', '80aa34525626457d8d695ed296305284.webp', 1, 2, 'false');
INSERT INTO [dbo].[Produkti] ([ProduktiId], [EmriProduktit], [Pershkrimi], [FotoProduktit], [KompaniaId], [KategoriaId], [isDeleted]) VALUES (33, 'Apple iPhone 11, 64GB, Black', '', 'ee14f0db1d474389a63a87b61f462f8a.webp', 1, 1, 'false');
INSERT INTO [dbo].[Produkti] ([ProduktiId], [EmriProduktit], [Pershkrimi], [FotoProduktit], [KompaniaId], [KategoriaId], [isDeleted]) VALUES (34, 'Apple Magic Mouse (2022), Black Multi - Touch Surface', '', '07207cc49ff34305813fea35d3c6339d.webp', 1, 8, 'false');
INSERT INTO [dbo].[Produkti] ([ProduktiId], [EmriProduktit], [Pershkrimi], [FotoProduktit], [KompaniaId], [KategoriaId], [isDeleted]) VALUES (35, 'Celular Samsung Galaxy A23 5G, 6.6" FHD+, 4GB RAM, 128GB, i kaltër', 'This is a mobile phone with a 6.6" Full HD+ display and a 120 Hz refresh rate. It has a 50 MPx camera, an ultra-wide-angle lens, macro and depth sensors, and an 8 MPx front camera. It is powered by a Qualcomm Snapdragon 695 processor with 8 cores and 4 GB RAM, and has 128 GB of storage with the option to add up to 1 TB with a micro SD card. It supports LTE, Wi-Fi, Bluetooth v5.1, 5G, NF, GPS, BeiDou, QZSS, GLONASS, and Galileo. It runs on Android OS, has a 5000 mAh battery with Super Fast Charging 25W, and weighs 197 g with dimensions of 165.4 x 76.9 x 8.4 mm.', 'a0cadc38ee414583a5951fc7155d629e.webp', 10, 1, 'false');
INSERT INTO [dbo].[Produkti] ([ProduktiId], [EmriProduktit], [Pershkrimi], [FotoProduktit], [KompaniaId], [KategoriaId], [isDeleted]) VALUES (36, 'Apple Watch Ultra 2 Cellular, 49mm Titanium Case me Olive Alpine Loop, Large', '', '405e9c7b2bb74588866cbcdf2dbbbc4a.webp', 1, 3, 'false');
INSERT INTO [dbo].[Produkti] ([ProduktiId], [EmriProduktit], [Pershkrimi], [FotoProduktit], [KompaniaId], [KategoriaId], [isDeleted]) VALUES (37, 'Fotoaparat Fujifilm Instax MINI 12, rozë', 'Një aparat fotografik për marrjen e shpejtë të fotove të menjëhershme. Modaliteti makro nga 30 në 50 cm. Pasqyrë selfie dhe modaliteti selfie. Ekspozimi automatik. Viewfinder 0,37x, funksioni i korrigjimit të paralaksave në modalitetin Close-Up. Koha e zhvillimit të filmit përafërsisht. 90 sekonda. Mbyllje automatike pas 5 minutash. Mundësuar nga 2x bateri AA (LR6). Jetëgjatësia e baterisë përafërsisht 10 pako film. Pesha 306g (pa bateri, rrip dhe film). Përmasat 104 x 122 x 66.6 mm.', 'b2de81104d9a4ed19459f294c6c8fbf6.webp', 26, 4, 'false');
INSERT INTO [dbo].[Produkti] ([ProduktiId], [EmriProduktit], [Pershkrimi], [FotoProduktit], [KompaniaId], [KategoriaId], [isDeleted]) VALUES (38, 'Printer Canon PIXMA TS5150, i zi', 'PIXMA TS5150 është printer shumëfunksional me ngjyra dhe format A4. Ofron printim, skanim dhe kopjim. Është ideal për përdorim në shtëpi, përmban dy mbajtëse për fletë - para dhe prapa, secila për deri në 100 fletë. Ofron një rezolucion printimi deri në 4800 x 1200 dpi me një shpejtësi (bardhë / zi) prej 13 / 6.8 imazhe në minutë. Rezolucioni i skanerit është 1200 x 2400 me një shpejtësi skanimi prej 14 s (A4). Mund të përdorni fishekë ngjyre me vëllim të madh (PGI-540XL / CL-541XL). Për lidhje përdor ndërfaqen USB 2.0, Wi-Fi dhe mund të lidhet me cloud. Përmasat e tij janë 425 x 315 x 147 mm dhe peshon prej 6.5 kg.', '9afde1e52c5e4c66a47ffed453104716.webp', 27, 14, 'false');
INSERT INTO [dbo].[Produkti] ([ProduktiId], [EmriProduktit], [Pershkrimi], [FotoProduktit], [KompaniaId], [KategoriaId], [isDeleted]) VALUES (39, 'Kufje Sony MDR-RF895RK, të zeza, IV', '', '851a68d9a2074c7b9e5e9c4d5ff344a9.webp', 28, 5, 'false');
INSERT INTO [dbo].[Produkti] ([ProduktiId], [EmriProduktit], [Pershkrimi], [FotoProduktit], [KompaniaId], [KategoriaId], [isDeleted]) VALUES (40, 'Kontroller Sony PS5 DualSense, i kaltër', '', '5b6338b5be964a7f96746ad73287fabd.webp', 28, 13, 'false');
INSERT INTO [dbo].[Produkti] ([ProduktiId], [EmriProduktit], [Pershkrimi], [FotoProduktit], [KompaniaId], [KategoriaId], [isDeleted]) VALUES (41, 'Karrige SENSE7 Knight, e zezë', '', 'e9c69bc1552b49dbb13ab99e7f3f81d7.webp', 29, 20, 'false');
INSERT INTO [dbo].[Produkti] ([ProduktiId], [EmriProduktit], [Pershkrimi], [FotoProduktit], [KompaniaId], [KategoriaId], [isDeleted]) VALUES (42, 'Maus Preyon Owl Wireless (POW35B)', 'Mouse Preyon Owl është mouse gaming pa kabllo, mirëpo asgjë nuk pengon lidhjen e tij me një kabllo. Nëse bateria harxhohet, vetëm lidheni dhe mund të vazhdoni përdorimin e tij. Me 50milion klikime në përdorimin e këtij mausi që tregon për sigurinë që jepet kualitetit të këtij mausi. Me butona shtesë shumë lehtë kontrolloni vlerat DPI dhe frekuencën e përdorur. Me LED që tregojnë vlerën e selektuar lehtë.', '2b613b801002461586759fb29ec61417.webp', 30, 8, 'false');
INSERT INTO [dbo].[Produkti] ([ProduktiId], [EmriProduktit], [Pershkrimi], [FotoProduktit], [KompaniaId], [KategoriaId], [isDeleted]) VALUES (43, 'Apple 10.9-inch iPad (10th) Wi-Fi, 64GB, Silver', '', 'acd49f4b9a354b7baef255b1cc4a86ff.webp', 1, 12, 'false');
INSERT INTO [dbo].[Produkti] ([ProduktiId], [EmriProduktit], [Pershkrimi], [FotoProduktit], [KompaniaId], [KategoriaId], [isDeleted]) VALUES (44, 'Apple MagSafe Charger', '', '983ba613c43a46e9baf7efed8c9fd30d.webp', 1, 11, 'false');
INSERT INTO [dbo].[Produkti] ([ProduktiId], [EmriProduktit], [Pershkrimi], [FotoProduktit], [KompaniaId], [KategoriaId], [isDeleted]) VALUES (45, 'Apple AirPods (3rd generation) with Lightning Charging Case', N'AirPods janë të lehta dhe ofrojnë një dizajn të konturuar. Mikrofonat me pamje nga brenda zbulojnë atë që po dëgjoni, më pas rregullojnë frekuencat e rangut të ulët dhe të mesëm për të ofruar detaje të pasura në çdo këngë.rnrnAirPods kanë një jetëgjatësi shtesë të baterisë në krahasim me AirPods (gjenerata e dytë) deri në 6 orë kohë dëgjimi dhe deri në 4 orë kohë bisede. Dhe me kutinë e karikimit Lightning, mund të shijoni deri në 30 orë kohë totale të dëgjimit. Si AirPods ashtu edhe kasa e karikimit të Rrufesë janë vlerësuar me IPX4 rezistente ndaj ujit – kështu që do të përballojnë çdo gjë, nga shiu deri tek stërvitjet e rënda.', 'e958a0b50830453299e5bfdb73ef2586.webp', 1, 5, 'false');
INSERT INTO [dbo].[Produkti] ([ProduktiId], [EmriProduktit], [Pershkrimi], [FotoProduktit], [KompaniaId], [KategoriaId], [isDeleted]) VALUES (46, 'Karrige SENSE7 Spellcaster, e zezë/e kaltër', 'Karrigia SENSE7 Spellcaster ka një formë që i përshtatet lakimit natyror të shtyllës kurrizore dhe, si rezultat, siguron pozicionin e duhur përpara kompjuterit kur jeni duke luajtur ose duke punuar. Ajo plotësohet nga një mbushje sfungjer me dendësi optimale, e cila përshtatet me trupin dhe siguron rehati. Është projektuar për njerëzit me peshë maksimale 150 kg. Karrigia peshon 17.5kg.', '5fc2d0c9d9244edea857e024fa4691a8.webp', 29, 20, 'false');
INSERT INTO [dbo].[Produkti] ([ProduktiId], [EmriProduktit], [Pershkrimi], [FotoProduktit], [KompaniaId], [KategoriaId], [isDeleted]) VALUES (47, 'Kamerë Logitech StreamCam C980, e hirtë', 'Kjo është një kamerë transmetimi me cilësi të lartë. Ajo ofron një cilësi maksimale të regjistrimit prej 1080p në 60 korniza për sekondë. Ajo përdor ndërfaqen USB 3.2 Gen 1 lloji C për tu lidhur me pajisjen. Është e pajisur me një lente f / 2.0 me një gjatësi fokale prej 3.7 mm dhe një fushë shikimi prej 78 ° (diagonale). Ofron autofokus në një distancë prej 10 cm deri në pafundësi. Ka një mikrofon të dyfishtë gjithëpërfshirës të integruar me funksion të zvogëlimit të zhurmës. Gjatësia e kabllos është 1.5 m. Paketa përfshin një mbajtës për vendosjen e saj në monitor dhe një mbajtës statik.', '18ea146f141d4a749632e667bc6a8411.webp', 6, 4, 'false');
INSERT INTO [dbo].[Produkti] ([ProduktiId], [EmriProduktit], [Pershkrimi], [FotoProduktit], [KompaniaId], [KategoriaId], [isDeleted]) VALUES (48, 'Altoparlant JBL Clip 4, i kuq', 'Altoparlant unik portativ me fuqi dalëse 5 W RMS, përgjigje frekuence prej 100 Hz deri 20 kHz, raport sinjal-zhurmë > 85 dB, teknologji Bluetooth 5.1. Bateria e tij polimer litium-jon karikohet për 3 orë dhe zgjat deri në 10 orë. Përmasat e altoparlantit janë: 86.3 x 134.5 x 46 mm, pesha 239 g.', 'ddc006477a3f433b81153ba980cc13f9.webp', 4, 5, 'false');
INSERT INTO [dbo].[Produkti] ([ProduktiId], [EmriProduktit], [Pershkrimi], [FotoProduktit], [KompaniaId], [KategoriaId], [isDeleted]) VALUES (49, 'Ngjyrë për printer Canon PGI-571, e kaltërt', 'Ngjyra e kaltër Canon CLI-571 është në përputhje me printera Canon PIXMA MG5750, MG5751, MG5752, MG5753, MG6850, MG6851, MG6852, MG6853, MG7750, MG7751, MG7752, MG7753. Kjo ngjyrë ka një vëllim prej 7 ml.', '36252992c8744b9897f39e362d461f60.webp', 27, 14, 'false');
INSERT INTO [dbo].[Produkti] ([ProduktiId], [EmriProduktit], [Pershkrimi], [FotoProduktit], [KompaniaId], [KategoriaId], [isDeleted]) VALUES (50, 'Maus Razer Pro Click, i bardhë', 'Ky është një maus wireless i krijuar për përdoruesit e djathtë. Mausi ka lidhës USB, 8 butona dhe një rrotë mekanike. Ai ka teknologji wireless Bluetooth, sensor optik dhe ndjeshmëri maksimale 16,000 DPI.', 'adad9547e2fa4f1aa92759b1aaad9159.webp', 9, 8, 'false');
INSERT INTO [dbo].[Produkti] ([ProduktiId], [EmriProduktit], [Pershkrimi], [FotoProduktit], [KompaniaId], [KategoriaId], [isDeleted]) VALUES (51, 'Karikues Samsung EP-TA12 për Samsung micro USB, i zi', '', '5a148985c96c40e6a144b1fffd549452.webp', 10, 15, 'false');
INSERT INTO [dbo].[Produkti] ([ProduktiId], [EmriProduktit], [Pershkrimi], [FotoProduktit], [KompaniaId], [KategoriaId], [isDeleted]) VALUES (52, 'Apple 20W USB-C Power Adapter', 'Ky është një karikues i fuqishëm 20W, i cili përdoret për karikim të shpejtë dhe efikas në shtëpi, në zyrë dhe gjatë lëvizjes. Është i pajtueshëm me çdo pajisje USB-C, por për një performancë optimale të karikimit, Apple rekomandon përdorimin e tij me iPad Pro 11'' ose iPad Pro 12,9'' (gjenerata e tretë). Ai gjithashtu mbështet karikimin e shpejtë të iPhone 8.', '04cddd9ea27247bf87502369b3229402.webp', 1, 15, 'false');
INSERT INTO [dbo].[Produkti] ([ProduktiId], [EmriProduktit], [Pershkrimi], [FotoProduktit], [KompaniaId], [KategoriaId], [isDeleted]) VALUES (53, 'Gjirafa50 Bad News Eagles Jersey (Rio Edition) - XXL', 'Ndjeni emocionin e kualifikimit të dytë në Major me fanellën e Rio Edition të Bad News Eagles.rnrnKjo fanellë e cilësisë së lartë me dizajn modern, e krijuar posaçërisht për lojtarët pasionantë të sporteve elektronike, është krijuar me krenari krahas Gjirafa50.rnrnNgjyra e saj kryesore është e gjelbër, e njohur si ngjyra dominuese e flamurit kombëtar të Brazilit.rnrnFanella ka logon e personalizuar të ekipit BNE dhe është prej 100% poliestër.', 'a001687d93df4caba3bf2ef26799a5bd.webp', 31, 13, 'false');
INSERT INTO [dbo].[Produkti] ([ProduktiId], [EmriProduktit], [Pershkrimi], [FotoProduktit], [KompaniaId], [KategoriaId], [isDeleted]) VALUES (54, 'Gjirafa50 Bad News Eagles Jersey Legends Edition - S', 'Ndjeni emocionet e lojës me këtë fanellë të Legends Stage të Bad News Eagles të krijuar posaçërisht për lojtarët e apasionuar pas sporteve elektronike. Ngjyra kryesore e saj është e kuqja e kombinuar me detaje bardh e zi dhe ka logon e personalizuar të ekipit BNE. Fanella është prej 100% poliestër. Dimensionet janë 71 x 57 x 25.5 cm.rnrnKjo fanellë e cilësisë së lartë me dizajn modern është krijuar me krenari përkrah Gjirafa50.', 'a873f1d3601f429ba784a4199d4d5c3a.webp', 31, 13, 'false');
INSERT INTO [dbo].[Produkti] ([ProduktiId], [EmriProduktit], [Pershkrimi], [FotoProduktit], [KompaniaId], [KategoriaId], [isDeleted]) VALUES (55, 'Rrip metalik FIXED për Apple Watch 38/40/41mm, i argjendtë', 'Rrip metalik zëvendësues që është i pajtueshëm me Apple Watch 38/40 / 41mm. Ky rrip e kthen orën në një aksesor elegant që mund ta kombinoni lehtësisht me çdo veshje.', '8a667d8e2c5d48e18fe6678cd1b81974.webp', 35, 3, 'false');
INSERT INTO [dbo].[Produkti] ([ProduktiId], [EmriProduktit], [Pershkrimi], [FotoProduktit], [KompaniaId], [KategoriaId], [isDeleted]) VALUES (56, 'Mbrojtëse Lenuo Leshield për iPhone 13, e kuqe', 'Mbrojtëse për pjesën e pasme dhe anësore të celularit iPhone 13. Mbrojtësja është prej plastike të qëndrueshme dhe do të sigurojë mbrojtje të besueshme të celularit nga gërvishtjet dhe papastërtitë. Natyrisht, mbrojtësja ka prerje për kamerën, butonat dhe portin e karikimit. Ajo është e këndshme në prekje dhe e ruajtur mirë.', 'b17ff2f5eac14f289d0311c0edd789bf.webp', 32, 1, 'false');
INSERT INTO [dbo].[Produkti] ([ProduktiId], [EmriProduktit], [Pershkrimi], [FotoProduktit], [KompaniaId], [KategoriaId], [isDeleted]) VALUES (57, 'Procesor Intel Core i7-12700F', 'Ky është një procesor i gjeneratës së 12-të Alder Lake i krijuar për prizën LGA 1700. Ofron 8+4 bërthama fizike (8 performancë + 4 efektive, 20 threads). Frekuenca e tyre është 1.6/2.1 GHz dhe deri në 3.6/4.8 GHz në modalitetin Turbo (bërthama efikase/performancë). Frekuenca maksimale Turbo Boost është deri në 4.9 GHz. Ai ofron një memorie buffer 25 MB SmartCache dhe një proces prodhimi 10 nm është përdorur për krijimin e tij. Mbështet memorie deri në DDR5 4800 MHz dhe DDR4 3200 MHz. Mbështet ndërfaqen PCI-Express 5.0/4.0. TDP e deklaruar nga prodhuesi është 65 W (maksimumi 180 W).', '653c3cd335564c868f34dd8858149ac9.webp', 33, 10, 'false');
INSERT INTO [dbo].[Produkti] ([ProduktiId], [EmriProduktit], [Pershkrimi], [FotoProduktit], [KompaniaId], [KategoriaId], [isDeleted]) VALUES (58, 'Monitor Dell U3223QE - LED 31,5"', 'Dell U3223QE është një monitor 31.5" me rezolucion të lartë që do tju rrëmbejë me ngjyrën dhe elegancën e tij. Rezolucioni 4K (3840 x 2160) me më shumë se 8 milionë piksele ka një rezolucion 4 herë më të lartë se një monitor klasik Full HD. Ngjyrat janë të qarta dhe të qëndrueshme përgjatë këndit të shikimit. Dell UltraSharp P3222QE është një monitor që mendon gjithashtu për shëndetin tuaj. Falë funksionit ComfortView Plus, i cili garanton emetimin vazhdimisht të ulët të dritës blu, ju do të shijoni ngjyra të shkëlqyera.rnrnKarakteristikat e tjera të monitorit përfshijnë raporti i pamjes 16: 9, kontrasti 2000: 1, shpejtësia e rifreskimit 60 Hz, ndriçimi 400 cd / m2, koha e përgjigjes 8 ms në modalitetin normal ose 5 ms në modalitetin e shpejtë. Lidhësit: 1x DP, 1x HDMI, USB-C, 6x USB, 1x RJ-45, pivot. Dimensionet 71.26 cm x 61.88 cm x 23.32 cm, pesha 10.36 k', '21cb46b9af9f4a55bec3acd37ced80e7.webp', 25, 16, 'false');
INSERT INTO [dbo].[Produkti] ([ProduktiId], [EmriProduktit], [Pershkrimi], [FotoProduktit], [KompaniaId], [KategoriaId], [isDeleted]) VALUES (59, 'Kabllo AXAGON USB-A - micro USB 3.2 Gen 1 SPEED, 3A, 1m, e zezë', 'Kablloja AXAGON është e përshtatshme për laptopë, telefont, tabletë dhe pajisje e tjera celulare. Mbështet shpejtësinë e transferimit të të dhënave deri në 5 Gb / s dhe karikimin deri në 3A.', '9b6ad692b3cc44eca43ea30c012586f5.webp', 34, 15, 'false');
INSERT INTO [dbo].[Produkti] ([ProduktiId], [EmriProduktit], [Pershkrimi], [FotoProduktit], [KompaniaId], [KategoriaId], [isDeleted]) VALUES (60, 'Apple MacBook Air 13.3", M1 8-core, 8GB, 256GB, 7-core GPU, Space Grey', 'Gjenerata e re e MacBook Air nga Apple është një revolucion i vërtetë për sa i takon performancës së këtij laptopi kompakt. Ai ofron të gjitha tiparet dhe veçoritë tuaja të preferuara, por performanca është në një nivel tjetër. Me MacBook Air të ri, ju mund të redaktoni video me rezolucion të lartë e po ashtu të përfitoni nga aplikacionet profesionale.

Pra, ky model revolucionar Apple MacBook Air vjen me procesorin e Apple M1, procesor grafik 7-bërthamor dhe motorin Neural Engine 16-bërthamor. Procesori plotësohet me 8 GB memorie RAM. Ekrani Retina ka diagonale 13.3" IPS dhe rezolucion prej 2560 × 1600 px, me teknologji True Tone dhe gamë të gjerë ngjyrash (P3). Një hard disk 256 GB SSD është i gatshëm për të dhënat e përdoruesit.

Pastaj laptopi ka Wi-Fi ac, Bluetooth 5.0, 2x Thunderbolt / USB 4, kamerë FaceTime HD, Touch ID, panel të prekjes Force Touch, lidhës audio 3.5 mm, tastierë Magic dhe konstruksion alumini. Vjen me sistemin operativ macOS Big Sur.', 'a5747a0c8bc94c7f8811589af4ccc687.webp', 1, 2, 'false');
INSERT INTO [dbo].[Produkti] ([ProduktiId], [EmriProduktit], [Pershkrimi], [FotoProduktit], [KompaniaId], [KategoriaId], [isDeleted]) VALUES (61, 'Apple iPhone 14 Pro Max Silicone Case me MagSafe, Midnight', 'Kjo mbrojtëse e hollë dhe e lehtë Apple përshtatet në mënyrë të përkryer në dorën tuaj. Ajo mbron me besueshmëri iPhone 14 Pro Max dhe lejon që ngjyra e tij të spikasë. Është bërë nga një përzierje e polikarbonatit optikisht të pastër dhe materialeve fleksibël, rrethon në mënyrë perfekte butonat e celularit dhe nuk pengon në asnjë mënyrë funksionimin e tij. Është rezistente ndaj gërvishtjeve nga jashtë dhe brenda. Dhe materialet e saj të optimizuara nuk do të zverdhen edhe pas një kohe të gjatë. Me magnet të integruar që përputhen në mënyrë të përsosur me iPhone 14 Pro Max, karikimi wireless është më i shpejtë. Kur ju duhet të karikoni iPhone tuaj, thjeshtë lidhni karikuesin MagSafe në të me mbrojtëse ose vendoseni në karikuesin Qi.', '7fcb48f21fb3410688fcd264c0434263.webp', 1, 1, 'false');
INSERT INTO [dbo].[Produkti] ([ProduktiId], [EmriProduktit], [Pershkrimi], [FotoProduktit], [KompaniaId], [KategoriaId], [isDeleted]) VALUES (62, 'Televizor Samsung UE43TU7022UXXH, 43" (108cm), 4K, 2020, argjendtë', '', '08ab442392764ec5969c68479a8d9574.webp', 10, 7, 'false');
INSERT INTO [dbo].[Produkti] ([ProduktiId], [EmriProduktit], [Pershkrimi], [FotoProduktit], [KompaniaId], [KategoriaId], [isDeleted]) VALUES (63, 'Xham mbrojtës Spello by Epico për Samsung Galaxy S23 Ultra 5G, 3D+', '', 'a30ab4faf9204ff591747fc9125a95ff.webp', 47, 1, 'false');
INSERT INTO [dbo].[Produkti] ([ProduktiId], [EmriProduktit], [Pershkrimi], [FotoProduktit], [KompaniaId], [KategoriaId], [isDeleted]) VALUES (64, 'Apple Macbook Air 15", M2 8-Core CPU, 8GB, 256GB, 10-Core GPU, Midnight', N'Me MacBook Air 15.3”, të pajisur me një ekran mahnitës Liquid Retina, ju keni më shumë hapësirë për gjithçka që doni. MacBook Air 15 (M2) përfaqëson një kombinim mjeshtëror të butësisë dhe hollësisë, megjithatë ruan qëndrueshmëri të padiskutueshme dhe funksionim krejtësisht të heshtur. Me MacBook Air të ri (M2), ju do të arrini performancë të paprecedentë për detyra të vështira, të tilla si redaktimi i videos me definicion të lartë, dizajni grafik dhe aplikacione të tjera krijuese. Tani mund t''i realizoni idetë tuaja praktikisht kudo dhe në çdo kohë.

Performanca e lartë e MacBook Air 15 ofrohet nga gjenerata e dytë e çipave Apple me shpejtësi dhe ekonomi edhe më të madhe se M1. CPU, GPU, Neural Engine, ndërfaqet e nevojshme dhe shumë teknologji të tjera janë të integruara në një zgjidhje të vetme në miniaturë. Ai forcon krijimin e grafikave dhe animacioneve tërheqëse, dhe motori i medias me performancë të lartë mund të trajtojë transmetime të shumta të videove ProRes. Nuk ka nevojë për ftohje me ventilatorë, kështu që ju mund të krijoni të pashqetësuar.

MacBook Air 15 vjen me një ekran fantastik Liquid Retina me një diagonale më të madhe 15.3" dhe ndriçim të lartë. Ka një raport të madh kontrasti dhe mbulim të gjerë të hapësirës së ngjyrave. Dendësia e lartë e 224 piksele për inç (ppi) garanton tekst të përkryer të mprehtë dhe grafikë më të mirë. Me gjashtë altoparlantë në trupin e pajisjes, ju merrni tingull të pasur stereo me mbështetjen e tingullit rrethues Dolby Atmos për një eksperiencë krejtësisht zhytëse kur dëgjoni muzikë ose shikoni video. Prodhimi audio 3.5 mm mund të sigurojë tingull të përsosur edhe për kufjet me rezistencë më të lartë, dhe tingulli rrethues me sensorin dinamik të pozicionit është i pajtueshëm me gjeneratën e tretë AirPods, AirPods Pro dhe Max. Përveç kësaj, falë kamerës FaceTime HD 1080p, video-telefonatat tuaja nuk do të jenë vetëm me cilësi të lartë, por edhe me ndjeshmëri të përmirësuar në dritë të ulët. Së bashku me një sistem të sofistikuar me tre mikrofona dhe algoritme inteligjente të ndjeshmërisë së zërit, mund të jeni të sigurt se do t''ju kuptojë gjithmonë në mënyrë të përsosur.

Tastiera Magic ofron rehati, përgjigje të qetë dhe saktësi që e bëjnë të shkruarit kënaqësi. Kjo tastierë me dritë prapa përmban një rresht me funksione të plota të tasteve funksionale dhe Touch ID për zhbllokimin e shpejtë, të lehtë dhe të sigurt të Mac tuaj, hyrjen në aplikacione dhe shfletimin në ueb. Trackpad inovativ Force Touch mund të dallojë intensitet të ndryshëm të prekjes dhe goditjeve në sipërfaqen e tij. Kjo veçori inteligjente i lejon përdoruesit të specifikojnë veprimet bazuar në forcën e prekjes, të tilla si kërkimi i përkufizimit të një fjale ose shikimi paraprak i një skedari. Me hapësirën e tij të gjerë për gjeste multi-touch, ju keni në majë të gishtave një botë të tërë interaktiviteti. Me një peshë prej vetëm 1.51 kg dhe një siluetë me përmasa vetëm 11.5 mm, kjo makinë e hijshme mishëron teknologjinë e fundit të lëvizshme. Duket shkëlqyeshëm dhe është gjithashtu prej alumini të ngurtë të ricikluar, i cili rrit më tej qëndrueshmërinë e tij dhe kontribuon në një qasje ekologjike. Megjithëse MacBook Air përdor vetëm një lloj ndërfaqe kabllore, Thunderbolt / USB 4, ju mund të lidhni pothuajse çdo pajisje periferike. Ai ka një dizajn të dyanshëm dhe lejon karikimin, lidhjen e disqeve të jashtme, daljen e videos me mbështetjen origjinale të DisplayPort dhe lidhjen e pajisjeve të tjera periferike USB me një lidhës USB-C.', '1529895854604b3780b6d15ddf62cda8.webp', 1, 2, 'false');
INSERT INTO [dbo].[Produkti] ([ProduktiId], [EmriProduktit], [Pershkrimi], [FotoProduktit], [KompaniaId], [KategoriaId], [isDeleted]) VALUES (65, 'Apple Watch SE2 V2 GPS, 40mm, Midnight Aluminium Case me Midnight Sport Band, S/M', 'pple Watch SE është krijuar me saktësi dhe qëndrueshmëri në mendje, ku kombinimet tona neutrale ndaj karbonit janë mishërimi i dizajnit të ndërgjegjshëm për mjedisin. Përjetoni shkëlqimin si kurrë më parë me ekranin Retina që jep pamje mahnitëse dhe ngjyra të gjalla. Me një shkëlqim mbresëlënës deri në 1000 nits, faqja juaj e orës do të shkëlqejë edhe nën rrezet më të ndritshme të diellit. Në zemër të SE është S8 SiP i fuqishëm, që siguron performancë të shpejtë rrufe dhe kryerje të pandërprerë me shumë detyra. Me Siri-n gjithmonë në gatishmëri dhe telefonatë, mund ta lundroni ditën vetëm me zërin tuaj. Plus, veçoria jonë "Gjeni iPhone" siguron që nuk do ta vendosni më kurrë gabim telefonin tuaj.


Por Watch SE nuk ka të bëjë vetëm me komoditetin; është gjithashtu partneri juaj proaktiv shëndetësor. Merr njoftime të rrahjeve të larta dhe të ulëta të zemrës dhe qëndro i informuar me njoftimet e ritmit të parregullt. Me njoftime të ulëta kardio, ju mund të merrni përgjegjësinë për shëndetin e zemrës suaj si kurrë më parë. Për të gjithë individët aktivë, Watch SE ofron ndjekje cikli, duke siguruar që të qëndroni në harmoni me ritmin natyral të trupit tuaj. Në rast urgjence, jini të qetë duke ditur se mund të filloni një Emergjencë SOS ose të bëni thirrje ndërkombëtare urgjente, pavarësisht se ku jeni.


Siguria zë në qendër të vëmendjes zbulimin e rënies dhe zbulimin e përplasjes, duke ofruar paqe mendore si për ju ashtu edhe për të dashurit tuaj. I projektuar për të vazhduar me stilin tuaj aktiv të jetesës, Watch SE është rezistent ndaj ujit dhe notit, i përsosur si për aventurat në pishinë ashtu edhe për aventurat në ujë të hapur. SE ofron deri në 18 orë përdorim normal dhe kur ju duhet të kurseni jetëgjatësinë e baterisë, thjesht aktivizoni modalitetin me energji të ulët. Me teknologjinë dhe dizajnin e saj të fundit, Apple Watch SE është ora inteligjente më e mirë për ata që kërkojnë më të mirën në stil, performancë dhe veçori shëndetësore.', 'c97e509da8b54eaa84a5fdacb62c3015.webp', 1, 3, 'false');
INSERT INTO [dbo].[Produkti] ([ProduktiId], [EmriProduktit], [Pershkrimi], [FotoProduktit], [KompaniaId], [KategoriaId], [isDeleted]) VALUES (66, 'Apple AirPods Pro 2 me MagSafe Case (USB-C)', 'Dëgjuese të nivelit të lartë të mbushura me teknologji moderne për një përvojë tingulli të akorduar vërtet në mënyrë perfekte. AirPods Pro 2022 ngasin valën e tingullit rrethues plastik që thjesht ju merr - lartësi të qarta, bas të fuqishëm dhe tone të dallueshme sa herë që dëgjoni dhe sa herë e ndizni. Pas çdo gjëje, kërkoni çipin e fuqishëm Apple H2, i cili përputhet në mënyrë të përkryer me drejtuesin dhe amplifikuesin. Dëgjueset mund të shtypin në mënyrë efektive shumicën dërrmuese të zhurmës dhe zhurmës nga mjedisi, falë të cilave ju mund të zhyteni plotësisht në dëgjim. Apple AirPods Pro 2022 do t''ju mahnitë absolutisht me tingullin rrethues që është vërtet hapësinor dhe ju rrethon nga të gjitha anët. Falë teknologjisë së ndjeshmërisë dinamike të pozicionit të kokës, dëgjueset sigurojnë shpërndarjen e saktë të çdo tingulli nga drejtimi i duhur, në mënyrë që tingulli që rezulton të jetë i përsosur.
Paketa përfshin edhe një kuti karikimi, i cili shërben edhe si mbrojtëse për dëgjueset. Kutia mbështet karikimin wireless MagSafe ose nëpërmjet teknologjisë Qi. Ju gjithashtu do të jeni të kënaqur me faktin që kutia është e papërshkueshme nga uji me një shkallë mbrojtjeje IPX4 ose që mbështet funksionin e kërkimit, kështu që gjithmonë do të dini saktësisht se ku fshihet.
Dëgjueset zgjasin deri në 6 orë me një karikim të vetëm, së bashku me kutinë deri në 30 orë (me ANC të ndezur). Paketa përfshin katër madhësi të gomave prej silikoni (XS, S, M, L).', '0bbbf9f7bb1b489dba8997c4a53c9e5d.webp', 1, 5, 'false');
INSERT INTO [dbo].[Produkti] ([ProduktiId], [EmriProduktit], [Pershkrimi], [FotoProduktit], [KompaniaId], [KategoriaId], [isDeleted]) VALUES (67, 'Maicë Starfield - Logo (XL)', 'Përshkrimi është duke u përpunuar, ndërkohë mund të shikoni specifikat teknike, apo kontaktoni në chat, email dhe messenger për detaje të mëtutjeshme.Ju faleminderit për mirëkuptim.', '56c54a93d997464481f2525555826993.webp', 46, 13, 'false');
INSERT INTO [dbo].[Produkti] ([ProduktiId], [EmriProduktit], [Pershkrimi], [FotoProduktit], [KompaniaId], [KategoriaId], [isDeleted]) VALUES (68, 'Disk SSD Samsung 870 QVO, 2.5", 4TB', N'Ky është një disk i fuqishëm SSD që ofron një kapacitet prej 4 TB. Ka një format 2.5 ”. Përdor një ndërfaqe SATA 6 Gb / s për t''u lidhur me pajisjen. Përdor një memorie 4-bit MLC V-NAND. Ai arrin shpejtësi të leximit / shkrimit deri në 560/530 MB / s dhe shpejtësi të leximit / shkrimit të rastit (4KB, QD32) deri në 98,000 / 88,000 IOPS. Është i pajisur me 4 GB DDR4 SDRAM. Jeta e shërbimit të tij është 1440 TBW. Përdor kontrolluesin Samsung MKX. Ofron TurboWrite inteligjente për të shpejtuar shkrimin.

Shënim: Garancioni i produktit nuk është i vlefshëm nëse stërngarkohet nga procesimi i madh i të dhënave.', 'ec9dbea026e04b54b34fdb61fb68dd10.webp', 10, 17, 'false');
INSERT INTO [dbo].[Produkti] ([ProduktiId], [EmriProduktit], [Pershkrimi], [FotoProduktit], [KompaniaId], [KategoriaId], [isDeleted]) VALUES (69, 'Çantë shpine Lenovo 1B210 për laptop 15.6", gri', 'Lenovo 15.6 B210 është një çantë për laptop me diagonale maksimale 15.6 inç. Çanta është bërë nga materiali që largon ujin. Pamja e thjeshtë e kësaj është përshtatur në mënyrë të përkryer me jetën moderne. Çanta ofron hapësirë të brendshme si për një laptop, ashtu edhe për një sërë sendesh të tjera, duke përfshirë libra dhe karikues. Për to shërbejnë një numër xhepash të brendshëm. Ndarja kryesore mund të mbyllet me një zinxhir të cilësisë së lartë. Çanta elegante mund të bartet lehtësisht falë rripave të supeve të mbushura, mund të përdoret edhe një rrip praktik. Pjesa e përparme dominohet nga një copëz me logon e Lenovo.', 'fcfa289127a84c80b74df964e596e41a.webp', 5, 18, 'false');
INSERT INTO [dbo].[Produkti] ([ProduktiId], [EmriProduktit], [Pershkrimi], [FotoProduktit], [KompaniaId], [KategoriaId], [isDeleted]) VALUES (70, 'Tastierë SteelSeries Apex 9 Mini, US, e zezë', 'Switchat optikë novator OptiPoint të tastierës SteelSeries Apex 9 Mini reagojnë në çast ndaj ndryshimeve të dritës dhe, të kombinuara me pikën e aktivizimit 1 mm, ju sigurojnë rezultate të larta. Përshtatuni me çdo lojë duke ndryshuar pikën e këmbëzës nga një prekje e shpejtë dhe e butë në 1 mm në një shtypje të sigurt dhe të saktë në 1.5 mm. Personalizoni, përmirësoni ose riparoni tastierën tuaj duke e zëvendësuar me llojin tuaj të preferuar të switchave OptiPoint për të krijuar një tastierë sa më komode dhe të fuqishme.

Përmirësoni ndjenjën tuaj të shkrimit dhe saktësinë tuaj të lojës me tastet Double Shot PBT me cilësi të lartë me një strukturë unike. Këto taste janë ndërtuar për të siguruar jetëgjatësi dhe rezistencë ndaj konsumit. Korniza e sipërme metalike e serisë 5000 është identike me aluminin e përdorur në luftëtarët luftarakë, gjë që garanton qëndrueshmëri dhe stabilitet më të madh të strukturës në çdo kohë. Kablloja USB Type-C e gërshetuar e qëndrueshme dhe e shkëputshme i reziston konsumimit të përditshëm.', '5ad3ae50b8dc4f798816e31f12e5c9c3.webp', 11, 19, 'false');
INSERT INTO [dbo].[Produkti] ([ProduktiId], [EmriProduktit], [Pershkrimi], [FotoProduktit], [KompaniaId], [KategoriaId], [isDeleted]) VALUES (71, 'Kartelë grafike Zotac Gaming GeForce RTX 3060 Ti Twin Edge 8GB GDDR6X', N'Përforcohuni me serinë ZOTAC GAMING GeForce RTX™ 30 bazuar në arkitekturën NVIDIA Ampere. I ndërtuar me bërthama RT dhe bërthama tensor të përmirësuar, multiprocesorë të rinj transmetimi dhe memorie GDDR6X me shpejtësi të lartë, ZOTAC GAMING GeForce RTX 3060 Ti GDDR6X Twin Edge krijon lojëra të përforcuara me besnikëri të lartë.', 'b49575067781459fbaf1496beabd4ce6.webp', 43, 10, 'false');
INSERT INTO [dbo].[Produkti] ([ProduktiId], [EmriProduktit], [Pershkrimi], [FotoProduktit], [KompaniaId], [KategoriaId], [isDeleted]) VALUES (72, 'Karrige CZC.Gaming Fortress, e hirtë / zezë', 'Kjo karrikë ka dizajn ergonomik që ju ofron rehati gjatë lojërave apo punës në kompjuter. Shtresa e sipërme përbëhet nga lëkura PU ndërsa korniza është metalike. Lartësia e saj, pjesa e shpinës mund të rregullohen sipas dëshirës apo nevojës në kënde të ndryshme. Ka jastëk te pjesa e kokës si dhe regjioni lumbar apo i poshtëm shpinor, Kapaciteti mbajtës i saj është 150 kg.', 'df0f12445715420cbea871e01eb1c876.webp', 42, 20, 'false');
INSERT INTO [dbo].[Produkti] ([ProduktiId], [EmriProduktit], [Pershkrimi], [FotoProduktit], [KompaniaId], [KategoriaId], [isDeleted]) VALUES (73, 'Kabllo HDMI-HDMI Gembird v1.4, 1m', 'Kabllo HDMI përdor versionin 1.4 dhe ofron rezolucion Full HD 1080p. Mundëson lidhjen e laptopëve, kompjuterëve dhe konzolave të ndryshme. Kablloja ka një mburojë të trefishtë me densitet të lartë për të siguruar transmetimin e pandërprerë të sinjalit. Lidhjet janë të veshura me arë për transferimin e përsosur dhe parandalimin e oksidimit. Gjatësia e kabllos është 1m.', '7e86f705d2494293a0a71a0e622bfd85.webp', 41, 15, 'false');
INSERT INTO [dbo].[Produkti] ([ProduktiId], [EmriProduktit], [Pershkrimi], [FotoProduktit], [KompaniaId], [KategoriaId], [isDeleted]) VALUES (74, 'Kufje HyperX Cloud II, të zeza/ hirta', 'Përjetoni cilësi të zërit akoma më të mirë me kufjet Kingston HyperX Cloud II. Të dizajnuara me peshë të lehtë ju as që do ta vëreni se i keni ngjitur. HyperX Cloud II janë të pajisura me një konvertues dinamik të zërit, shumë të madh, 53 mm, i cili do iu ofroj zë të kristaltë. Këto kufje i reduktojnë zhurmat e jashtme në masë të madhe falë dizajnin të tij të mbyllur dhe kualitetit të lartë të jastëkëve. Kjo cilësi e zërit arrihet duke iu falënderuar intervalit të frekuencave 15 deri në 25 000 Hz dhe rezistencës prej 60 om. Kufjet kanë ndjeshmëri 98dB +/- 3dB dhe konsum të energjisë 150mW. Komunikimi online mund të bëhet me mikrofonin i cili ka ndjeshmëri të lartë dhe gamë të frekuencës 50-18,000 Hz. Kufjet kanë një port USB për lidhjen e kartelave të jashtme të zërit. Lidhja me pajisje audio ose me kompjuterë ose laptopë sigurohet nga një kabllo 1 metër e gjatë, e plotësuar me një zgjatje 2 metra. Kufjet janë të lidhura me pajisjet audio me një lidhës 3.5 mm jack.', 'bd7ce222cea54248bf126d143a2c3456.webp', 40, 5, 'false');
INSERT INTO [dbo].[Produkti] ([ProduktiId], [EmriProduktit], [Pershkrimi], [FotoProduktit], [KompaniaId], [KategoriaId], [isDeleted]) VALUES (75, 'Kabllo UGREEN, DVI-D (24+1), 2K@60Hz, 3m, e zezë', 'Kablloja Ethernet me shpejtësi të lartë UGREEN Cat 7 mbështet shpejtësinë e transferimit të të dhënave deri në 10 Gbps dhe gjerësi brezi 600 MHz. Pra, funksionon shumë më shpejt se CAT6, për më tepër me më pak ndërhyrje. Është zgjidhja më e mirë për të luajtur lojëra, për të transmetuar në internet ose për të shkarkuar skedarë të mëdhenj. Falë mbrojtjes së dyfishtë, kjo kabllo është shumë e besueshme, redukton ndërhyrjet dhe ofron një lidhje të qëndrueshme. Është bërë me tela bakri të pastër, duke siguruar më pak humbje me performancë të lartë. Lidhësit e veshur me ar përshtaten mirë në kabllon Ethernet dhe ofrojnë një lidhje më të shpejtë dhe më të qëndrueshme në internet. Përveç kësaj, kablloja ka kapakë pluhuri për të ndihmuar në mbajtjen e lidhësve të pastër.', 'd2012c2f77f7473c84c2c2eeecee0f6e.webp', 39, 15, 'false');
INSERT INTO [dbo].[Produkti] ([ProduktiId], [EmriProduktit], [Pershkrimi], [FotoProduktit], [KompaniaId], [KategoriaId], [isDeleted]) VALUES (76, 'Letër për printer Brother - DK22210', 'Brother është një kompani me një traditë të gjatë, e cila ka kohë që është e angazhuar në prodhimin e pajisjeve të printimit, të tilla si printerë, fakse, makina shkrimi dhe pajisje multifunksionale. Për produktet e saj, natyrisht, gjithashtu prodhon pajisje të ndryshme konsumuese. Avantazhi i kësaj letre në përputhje me produktet dhe cilësinë maksimale të printimit është që nuk mund të arrihet me aksesorë jo origjinal. Kjo letër për printerë Brother DK22210 me ngjyrë të bardhë është e projektuar për serinë Brother QL. Dimensionet letrës janë 29 x 30.48 mm.', 'd881aad2aed245418d2aad36386619ce.webp', 38, 14, 'false');
INSERT INTO [dbo].[Produkti] ([ProduktiId], [EmriProduktit], [Pershkrimi], [FotoProduktit], [KompaniaId], [KategoriaId], [isDeleted]) VALUES (77, 'Burim energjie Seasonic B12-BC-850 - 850W', 'Ky është një furnizim i besueshëm i energjisë ATX me një fuqi prej 850 W dhe një ventilator të heshtur. Ka certifikim 80 Plus Bronze, i cili siguron një efikasitet të paktën 82%. Ofron lidhje: 1x 20 + 4-pin, 2x 4 + 4-pin, 4x 6 + 2-pin, 6x SATA dhe 3x molex.', 'f99cc2ab15a04729baaebdafe652cde4.webp', 37, 10, 'false');
INSERT INTO [dbo].[Produkti] ([ProduktiId], [EmriProduktit], [Pershkrimi], [FotoProduktit], [KompaniaId], [KategoriaId], [isDeleted]) VALUES (78, 'Memorie RAM Kingston 8GB DDR4 3200 SO-DIMM', 'KompanitePartnere Kingston gjithmonë i përkiste dhe ende i përket ndër prodhuesit kryesorë dhe furnizuesit e moduleve të kujtesës. Falë cilësisë së lartë dhe besueshmërisë së tyre, shumë prodhues të njohur të kompjuterave i përdorin ato në seritë e tyre të modeleve dhe përdoren për të provuar pllakat amë, karta grafike, etj. Tani kjo kompani ju sjell memorien RAM SO-DIMM për laptopin tuaj. Kjo është një memorie e tipit DDR4 me një frekuencë 3200 MHz dhe një kapacitet 8 GB, e krijuar për laptopë. Koha e saj është CL22 dhe tensioni i punës prej 1.2 V.', 'df6a23fd2c1041219eddf1c933e09e1a.webp', 36, 10, 'false');
INSERT INTO [dbo].[Produkti] ([ProduktiId], [EmriProduktit], [Pershkrimi], [FotoProduktit], [KompaniaId], [KategoriaId], [isDeleted]) VALUES (79, 'Çantë shpine për laptop YENKEE YBB 1502 FLASHPACKER', 'Çantë shpine komode dhe praktike e përshtatshme për veshje të përditshme. Ajo siguron pajisjet e ruajtura dhe sendet personale me pajisjet e nevojshme dhe transportin e sigurt. Çanta e shpinës ofron hapësirë të mjaftueshme për të mbajtur sende personale, libra, dokumente dhe, e fundit, por jo më pak e rëndësishmja, një laptop me një diagonale maksimale prej 15.6 ", për të cilin përgatitet një xhep i mbushur me butësi. Çanta e shpinës është projektuar në tre ndarje të bollshme. Xhepi i përparmë është i pajisur me një organizator ku mbani një pamje të përgjithshme të celularit, portofolit, çelësave dhe artikujve tuaj. Ju lidhni powerbank me portin e integruar USB dhe furnizimi i nevojshëm i energjisë është gjithmonë pranë. Për udhëtime më të rehatshme, çanta e shpinës është e pajisur me një rrip për ngjitje në dorezën e bagazhit. Ajo është e bërë nga materiali i qëndrueshëm dhe i lehtë. Rripat e rregullueshëm të shpatullave së bashku me një pjesë të pasme të frymëmarrjes ofrojnë komoditetin maksimal të veshjes.', 'aeeafa92fb484539adbf2f143ad28806.webp', 45, 18, 'false');
INSERT INTO [dbo].[Produkti] ([ProduktiId], [EmriProduktit], [Pershkrimi], [FotoProduktit], [KompaniaId], [KategoriaId], [isDeleted]) VALUES (80, 'USB Kingston DataTraveler Exodia M - 32GB, i kaltër', '', 'f79dabb61cf546e8a15b92795de9ad11.webp', 36, 17, 'false');
INSERT INTO [dbo].[Produkti] ([ProduktiId], [EmriProduktit], [Pershkrimi], [FotoProduktit], [KompaniaId], [KategoriaId], [isDeleted]) VALUES (81, 'Lexues i kartës së memories Gembird micro SD, USB', 'Një lexues i vogël i kartave të memories microSD dhe SDHC deri në 32 GB, i cili ju lejon të lëvizni dhe kopjoni lehtësisht foto, muzikë, filma dhe skedarë të tjerë. Ai transferon të dhëna me shpejtësi deri në 25 MB / s, në varësi të klasës së shpejtësisë së kartës. Lexuesi është prej materiali të cilësisë së lartë dhe falë lidhëses me një unazë, mund ta lidhni lehtësisht te çelësat.', 'f488bea6868241ef8d05c9eaa9c23c54.webp', 41, 17, 'false');
INSERT INTO [dbo].[Produkti] ([ProduktiId], [EmriProduktit], [Pershkrimi], [FotoProduktit], [KompaniaId], [KategoriaId], [isDeleted]) VALUES (82, 'USB SanDisk Ultra Flair, 32GB', '', '1bd92c42f4e045e7a10406c23319d185.webp', 44, 17, 'false');
INSERT INTO [dbo].[Produkti] ([ProduktiId], [EmriProduktit], [Pershkrimi], [FotoProduktit], [KompaniaId], [KategoriaId], [isDeleted]) VALUES (83, 'USB SanDisk Ultra Flair, 128GB, i kaltër', '', 'ccc2e243bc074ba5bacdf24113a2e188.webp', 44, 17, 'false');
SET IDENTITY_INSERT [dbo].[Produkti] OFF;
SET IDENTITY_INSERT [dbo].[Shporta] ON;
INSERT INTO [dbo].[Shporta] ([ShportaID], [PerdoruesiID], [TotaliProdukteveNeShporte], [DataEFunditEPerditesimit], [TotProd18TVSH], [TotProd8TVSH], [Totali18TVSH], [Totali8TVSH], [KodiZbritjesID], [AdresaPorosisID]) VALUES (4, 4, 1, '2024-05-20T23:40:13.195Z', 1, 0, 29.5, 0, 'NukKaZbritje', 4);
INSERT INTO [dbo].[Shporta] ([ShportaID], [PerdoruesiID], [TotaliProdukteveNeShporte], [DataEFunditEPerditesimit], [TotProd18TVSH], [TotProd8TVSH], [Totali18TVSH], [Totali8TVSH], [KodiZbritjesID], [AdresaPorosisID]) VALUES (5, 5, 1, '2024-05-20T23:42:15.580Z', 1, 0, 132.5, 0, 'NukKaZbritje', 5);
INSERT INTO [dbo].[Shporta] ([ShportaID], [PerdoruesiID], [TotaliProdukteveNeShporte], [DataEFunditEPerditesimit], [TotProd18TVSH], [TotProd8TVSH], [Totali18TVSH], [Totali8TVSH], [KodiZbritjesID], [AdresaPorosisID]) VALUES (6, 6, 0, '2024-05-20T23:43:51.021Z', 0, 0, 0, 0, 'NukKaZbritje', 6);
INSERT INTO [dbo].[Shporta] ([ShportaID], [PerdoruesiID], [TotaliProdukteveNeShporte], [DataEFunditEPerditesimit], [TotProd18TVSH], [TotProd8TVSH], [Totali18TVSH], [Totali8TVSH], [KodiZbritjesID], [AdresaPorosisID]) VALUES (7, 7, 1, '2024-05-20T23:45:10.482Z', 1, 0, 157.5, 0, 'NukKaZbritje', 7);
INSERT INTO [dbo].[Shporta] ([ShportaID], [PerdoruesiID], [TotaliProdukteveNeShporte], [DataEFunditEPerditesimit], [TotProd18TVSH], [TotProd8TVSH], [Totali18TVSH], [Totali8TVSH], [KodiZbritjesID], [AdresaPorosisID]) VALUES (8, 8, 0, '2024-05-20T23:46:48.146Z', 0, 0, 0, 0, 'NukKaZbritje', 8);
INSERT INTO [dbo].[Shporta] ([ShportaID], [PerdoruesiID], [TotaliProdukteveNeShporte], [DataEFunditEPerditesimit], [TotProd18TVSH], [TotProd8TVSH], [Totali18TVSH], [Totali8TVSH], [KodiZbritjesID], [AdresaPorosisID]) VALUES (9, 9, 3, '2024-05-20T23:49:23.459Z', 3, 0, 533.5, 0, 'JPZH8I', 9);
INSERT INTO [dbo].[Shporta] ([ShportaID], [PerdoruesiID], [TotaliProdukteveNeShporte], [DataEFunditEPerditesimit], [TotProd18TVSH], [TotProd8TVSH], [Totali18TVSH], [Totali8TVSH], [KodiZbritjesID], [AdresaPorosisID]) VALUES (10, 10, 0, '2024-05-20T23:19:24.379Z', 0, 0, 0, 0, 'NukKaZbritje', 10);
INSERT INTO [dbo].[Shporta] ([ShportaID], [PerdoruesiID], [TotaliProdukteveNeShporte], [DataEFunditEPerditesimit], [TotProd18TVSH], [TotProd8TVSH], [Totali18TVSH], [Totali8TVSH], [KodiZbritjesID], [AdresaPorosisID]) VALUES (11, 11, 0, '2024-05-20T23:20:12.578Z', 0, 0, 0, 0, 'NukKaZbritje', 11);
INSERT INTO [dbo].[Shporta] ([ShportaID], [PerdoruesiID], [TotaliProdukteveNeShporte], [DataEFunditEPerditesimit], [TotProd18TVSH], [TotProd8TVSH], [Totali18TVSH], [Totali8TVSH], [KodiZbritjesID], [AdresaPorosisID]) VALUES (12, 12, 0, '2024-05-20T23:21:05.803Z', 0, 0, 0, 0, 'NukKaZbritje', 12);
INSERT INTO [dbo].[Shporta] ([ShportaID], [PerdoruesiID], [TotaliProdukteveNeShporte], [DataEFunditEPerditesimit], [TotProd18TVSH], [TotProd8TVSH], [Totali18TVSH], [Totali8TVSH], [KodiZbritjesID], [AdresaPorosisID]) VALUES (13, 13, 0, '2024-05-20T23:22:15.396Z', 0, 0, 0, 0, 'NukKaZbritje', 13);
SET IDENTITY_INSERT [dbo].[Shporta] OFF;
SET IDENTITY_INSERT [dbo].[ListaEDeshirave] ON;
INSERT INTO [dbo].[ListaEDeshirave] ([ListaEDeshiraveID], [ProduktiID], [KlientiID], [DataKrijimit]) VALUES (1, 83, 4, '2024-05-20T23:40:06.907Z');
INSERT INTO [dbo].[ListaEDeshirave] ([ListaEDeshiraveID], [ProduktiID], [KlientiID], [DataKrijimit]) VALUES (2, 80, 4, '2024-05-20T23:40:09.010Z');
INSERT INTO [dbo].[ListaEDeshirave] ([ListaEDeshiraveID], [ProduktiID], [KlientiID], [DataKrijimit]) VALUES (3, 74, 5, '2024-05-20T23:41:48.906Z');
INSERT INTO [dbo].[ListaEDeshirave] ([ListaEDeshiraveID], [ProduktiID], [KlientiID], [DataKrijimit]) VALUES (4, 71, 5, '2024-05-20T23:41:51.151Z');
INSERT INTO [dbo].[ListaEDeshirave] ([ListaEDeshiraveID], [ProduktiID], [KlientiID], [DataKrijimit]) VALUES (5, 53, 6, '2024-05-20T23:43:06.209Z');
INSERT INTO [dbo].[ListaEDeshirave] ([ListaEDeshiraveID], [ProduktiID], [KlientiID], [DataKrijimit]) VALUES (6, 47, 6, '2024-05-20T23:43:20.371Z');
INSERT INTO [dbo].[ListaEDeshirave] ([ListaEDeshiraveID], [ProduktiID], [KlientiID], [DataKrijimit]) VALUES (7, 70, 7, '2024-05-20T23:45:05.566Z');
INSERT INTO [dbo].[ListaEDeshirave] ([ListaEDeshiraveID], [ProduktiID], [KlientiID], [DataKrijimit]) VALUES (8, 61, 8, '2024-05-20T23:45:57.523Z');
INSERT INTO [dbo].[ListaEDeshirave] ([ListaEDeshiraveID], [ProduktiID], [KlientiID], [DataKrijimit]) VALUES (9, 66, 9, '2024-05-20T23:47:28.954Z');
SET IDENTITY_INSERT [dbo].[ListaEDeshirave] OFF;
SET IDENTITY_INSERT [dbo].[SliderOfertat] ON;
INSERT INTO [dbo].[SliderOfertat] ([SliderOfertatID], [LinkuOfertes], [DataFillimitOfertes], [DataMbarimitOfertes], [FotoOferta], [isDeleted]) VALUES (1, '/produktet/kompania/SENSE7', '2024-05-21T00:00:00.000Z', '2024-08-20T00:00:00.000Z', 'e82d260e2b564fdf90279c65104c9127.jpeg', 'false');
INSERT INTO [dbo].[SliderOfertat] ([SliderOfertatID], [LinkuOfertes], [DataFillimitOfertes], [DataMbarimitOfertes], [FotoOferta], [isDeleted]) VALUES (2, '/produktet/kategoria/Laptope', '2024-05-21T00:00:00.000Z', '2024-09-14T00:00:00.000Z', '16ff0e279d854292a4d9a32a51a01912.jpeg', 'false');
INSERT INTO [dbo].[SliderOfertat] ([SliderOfertatID], [LinkuOfertes], [DataFillimitOfertes], [DataMbarimitOfertes], [FotoOferta], [isDeleted]) VALUES (3, '/produktet/kompania/Apple', '2024-05-21T00:00:00.000Z', '2024-09-17T00:00:00.000Z', '023696bca53a4ecc93134c009fab8b45.jpeg', 'false');
INSERT INTO [dbo].[SliderOfertat] ([SliderOfertatID], [LinkuOfertes], [DataFillimitOfertes], [DataMbarimitOfertes], [FotoOferta], [isDeleted]) VALUES (4, '/produktet/kategoria/Monitor dhe Aksesore', '2024-05-21T00:00:00.000Z', '2024-09-03T00:00:00.000Z', '6e7cc73a7f4f4fc897bdfe88d272bb57.jpeg', 'false');
SET IDENTITY_INSERT [dbo].[SliderOfertat] OFF;
SET IDENTITY_INSERT [dbo].[TeDhenatEPorosis] ON;
INSERT INTO [dbo].[TeDhenatEPorosis] ([IdDetajet], [SasiaPorositur], [IdPorosia], [IdProdukti], [QmimiProduktit]) VALUES (1, 1, 1, 83, 33.5);
INSERT INTO [dbo].[TeDhenatEPorosis] ([IdDetajet], [SasiaPorositur], [IdPorosia], [IdProdukti], [QmimiProduktit]) VALUES (2, 1, 2, 82, 18.5);
INSERT INTO [dbo].[TeDhenatEPorosis] ([IdDetajet], [SasiaPorositur], [IdPorosia], [IdProdukti], [QmimiProduktit]) VALUES (3, 1, 3, 69, 19.5);
INSERT INTO [dbo].[TeDhenatEPorosis] ([IdDetajet], [SasiaPorositur], [IdPorosia], [IdProdukti], [QmimiProduktit]) VALUES (4, 1, 4, 78, 29.5);
INSERT INTO [dbo].[TeDhenatEPorosis] ([IdDetajet], [SasiaPorositur], [IdPorosia], [IdProdukti], [QmimiProduktit]) VALUES (5, 1, 4, 75, 4.5);
INSERT INTO [dbo].[TeDhenatEPorosis] ([IdDetajet], [SasiaPorositur], [IdPorosia], [IdProdukti], [QmimiProduktit]) VALUES (6, 1, 4, 23, 1579.5);
INSERT INTO [dbo].[TeDhenatEPorosis] ([IdDetajet], [SasiaPorositur], [IdPorosia], [IdProdukti], [QmimiProduktit]) VALUES (7, 1, 5, 79, 62.5);
INSERT INTO [dbo].[TeDhenatEPorosis] ([IdDetajet], [SasiaPorositur], [IdPorosia], [IdProdukti], [QmimiProduktit]) VALUES (8, 1, 5, 80, 7.5);
INSERT INTO [dbo].[TeDhenatEPorosis] ([IdDetajet], [SasiaPorositur], [IdPorosia], [IdProdukti], [QmimiProduktit]) VALUES (9, 1, 6, 59, 11.5);
INSERT INTO [dbo].[TeDhenatEPorosis] ([IdDetajet], [SasiaPorositur], [IdPorosia], [IdProdukti], [QmimiProduktit]) VALUES (10, 1, 6, 70, 164.5);
INSERT INTO [dbo].[TeDhenatEPorosis] ([IdDetajet], [SasiaPorositur], [IdPorosia], [IdProdukti], [QmimiProduktit]) VALUES (11, 1, 7, 64, 1599.5);
INSERT INTO [dbo].[TeDhenatEPorosis] ([IdDetajet], [SasiaPorositur], [IdPorosia], [IdProdukti], [QmimiProduktit]) VALUES (12, 1, 8, 67, 32.5);
INSERT INTO [dbo].[TeDhenatEPorosis] ([IdDetajet], [SasiaPorositur], [IdPorosia], [IdProdukti], [QmimiProduktit]) VALUES (13, 1, 8, 40, 111.5);
INSERT INTO [dbo].[TeDhenatEPorosis] ([IdDetajet], [SasiaPorositur], [IdPorosia], [IdProdukti], [QmimiProduktit]) VALUES (14, 1, 9, 37, 139.5);
INSERT INTO [dbo].[TeDhenatEPorosis] ([IdDetajet], [SasiaPorositur], [IdPorosia], [IdProdukti], [QmimiProduktit]) VALUES (15, 1, 10, 16, 17.5);
INSERT INTO [dbo].[TeDhenatEPorosis] ([IdDetajet], [SasiaPorositur], [IdPorosia], [IdProdukti], [QmimiProduktit]) VALUES (16, 1, 10, 76, 19.5);
INSERT INTO [dbo].[TeDhenatEPorosis] ([IdDetajet], [SasiaPorositur], [IdPorosia], [IdProdukti], [QmimiProduktit]) VALUES (17, 1, 11, 63, 27.5);
INSERT INTO [dbo].[TeDhenatEPorosis] ([IdDetajet], [SasiaPorositur], [IdPorosia], [IdProdukti], [QmimiProduktit]) VALUES (18, 1, 11, 3, 1519.5);
SET IDENTITY_INSERT [dbo].[TeDhenatEPorosis] OFF;
SET IDENTITY_INSERT [dbo].[TeDhenatProduktit] ON;
INSERT INTO [dbo].[TeDhenatProduktit] ([TeDhenatProduktitID], [ProduktiId], [SasiaNeStok], [QmimiBleres], [QmimiProduktit], [DataKrijimit], [DataPerditsimit], [llojiTVSH]) VALUES (1, 1, 24, 879, 1064.5, '1900-01-01T00:00:00.000Z', '2024-05-19T19:57:16.872Z', 18);
INSERT INTO [dbo].[TeDhenatProduktit] ([TeDhenatProduktitID], [ProduktiId], [SasiaNeStok], [QmimiBleres], [QmimiProduktit], [DataKrijimit], [DataPerditsimit], [llojiTVSH]) VALUES (2, 2, 24, 1994, 2966.68, '1900-01-01T00:00:00.000Z', '2024-05-19T19:59:58.949Z', 18);
INSERT INTO [dbo].[TeDhenatProduktit] ([TeDhenatProduktitID], [ProduktiId], [SasiaNeStok], [QmimiBleres], [QmimiProduktit], [DataKrijimit], [DataPerditsimit], [llojiTVSH]) VALUES (3, 3, 47, 1109.24, 1519.5, '1900-01-01T00:00:00.000Z', '2024-05-20T23:46:48.144Z', 18);
INSERT INTO [dbo].[TeDhenatProduktit] ([TeDhenatProduktitID], [ProduktiId], [SasiaNeStok], [QmimiBleres], [QmimiProduktit], [DataKrijimit], [DataPerditsimit], [llojiTVSH]) VALUES (4, 4, 93, 320.13, 492.5, '1900-01-01T00:00:00.000Z', '2024-05-19T20:10:06.093Z', 18);
INSERT INTO [dbo].[TeDhenatProduktit] ([TeDhenatProduktitID], [ProduktiId], [SasiaNeStok], [QmimiBleres], [QmimiProduktit], [DataKrijimit], [DataPerditsimit], [llojiTVSH]) VALUES (5, 5, 19, 1352.2, 1904.5, '1900-01-01T00:00:00.000Z', '2024-05-19T20:11:45.715Z', 18);
INSERT INTO [dbo].[TeDhenatProduktit] ([TeDhenatProduktitID], [ProduktiId], [SasiaNeStok], [QmimiBleres], [QmimiProduktit], [DataKrijimit], [DataPerditsimit], [llojiTVSH]) VALUES (6, 6, 27, 17.86, 23.5, '1900-01-01T00:00:00.000Z', '2024-05-19T20:13:53.982Z', 18);
INSERT INTO [dbo].[TeDhenatProduktit] ([TeDhenatProduktitID], [ProduktiId], [SasiaNeStok], [QmimiBleres], [QmimiProduktit], [DataKrijimit], [DataPerditsimit], [llojiTVSH]) VALUES (7, 7, 93, 44.46, 58.5, '1900-01-01T00:00:00.000Z', '2024-05-20T00:27:39.580Z', 18);
INSERT INTO [dbo].[TeDhenatProduktit] ([TeDhenatProduktitID], [ProduktiId], [SasiaNeStok], [QmimiBleres], [QmimiProduktit], [DataKrijimit], [DataPerditsimit], [llojiTVSH]) VALUES (8, 8, 48, 1635.1, 2123.5, '1900-01-01T00:00:00.000Z', '2024-05-20T00:29:22.419Z', 18);
INSERT INTO [dbo].[TeDhenatProduktit] ([TeDhenatProduktitID], [ProduktiId], [SasiaNeStok], [QmimiBleres], [QmimiProduktit], [DataKrijimit], [DataPerditsimit], [llojiTVSH]) VALUES (9, 9, 48, 268.11, 348.19, '1900-01-01T00:00:00.000Z', '2024-05-20T00:30:44.669Z', 18);
INSERT INTO [dbo].[TeDhenatProduktit] ([TeDhenatProduktitID], [ProduktiId], [SasiaNeStok], [QmimiBleres], [QmimiProduktit], [DataKrijimit], [DataPerditsimit], [llojiTVSH]) VALUES (10, 10, 65, 177.67, 265.18, '1900-01-01T00:00:00.000Z', '2024-05-20T00:34:57.282Z', 18);
INSERT INTO [dbo].[TeDhenatProduktit] ([TeDhenatProduktitID], [ProduktiId], [SasiaNeStok], [QmimiBleres], [QmimiProduktit], [DataKrijimit], [DataPerditsimit], [llojiTVSH]) VALUES (11, 11, 20, 128.58, 210.79, '1900-01-01T00:00:00.000Z', '2024-05-20T14:08:15.258Z', 18);
INSERT INTO [dbo].[TeDhenatProduktit] ([TeDhenatProduktitID], [ProduktiId], [SasiaNeStok], [QmimiBleres], [QmimiProduktit], [DataKrijimit], [DataPerditsimit], [llojiTVSH]) VALUES (12, 12, 49, 11.84, 18.5, '1900-01-01T00:00:00.000Z', '2024-05-20T14:07:41.385Z', 18);
INSERT INTO [dbo].[TeDhenatProduktit] ([TeDhenatProduktitID], [ProduktiId], [SasiaNeStok], [QmimiBleres], [QmimiProduktit], [DataKrijimit], [DataPerditsimit], [llojiTVSH]) VALUES (13, 13, 78, 21.72, 34.47, '1900-01-01T00:00:00.000Z', '2024-05-20T14:06:58.073Z', 18);
INSERT INTO [dbo].[TeDhenatProduktit] ([TeDhenatProduktitID], [ProduktiId], [SasiaNeStok], [QmimiBleres], [QmimiProduktit], [DataKrijimit], [DataPerditsimit], [llojiTVSH]) VALUES (14, 14, 50, 37.19, 55.5, '1900-01-01T00:00:00.000Z', '2024-05-20T14:05:49.991Z', 18);
INSERT INTO [dbo].[TeDhenatProduktit] ([TeDhenatProduktitID], [ProduktiId], [SasiaNeStok], [QmimiBleres], [QmimiProduktit], [DataKrijimit], [DataPerditsimit], [llojiTVSH]) VALUES (15, 15, 23, 82.08, 122.5, '1900-01-01T00:00:00.000Z', '2024-05-20T14:03:53.451Z', 18);
INSERT INTO [dbo].[TeDhenatProduktit] ([TeDhenatProduktitID], [ProduktiId], [SasiaNeStok], [QmimiBleres], [QmimiProduktit], [DataKrijimit], [DataPerditsimit], [llojiTVSH]) VALUES (16, 16, 45, 12.07, 17.5, '1900-01-01T00:00:00.000Z', '2024-05-20T23:44:56.377Z', 18);
INSERT INTO [dbo].[TeDhenatProduktit] ([TeDhenatProduktitID], [ProduktiId], [SasiaNeStok], [QmimiBleres], [QmimiProduktit], [DataKrijimit], [DataPerditsimit], [llojiTVSH]) VALUES (17, 17, 147, 33.66, 49.5, '1900-01-01T00:00:00.000Z', '2024-05-20T14:02:20.919Z', 18);
INSERT INTO [dbo].[TeDhenatProduktit] ([TeDhenatProduktitID], [ProduktiId], [SasiaNeStok], [QmimiBleres], [QmimiProduktit], [DataKrijimit], [DataPerditsimit], [llojiTVSH]) VALUES (18, 18, 125, 7.22, 9.5, '1900-01-01T00:00:00.000Z', '2024-05-20T14:01:09.964Z', 18);
INSERT INTO [dbo].[TeDhenatProduktit] ([TeDhenatProduktitID], [ProduktiId], [SasiaNeStok], [QmimiBleres], [QmimiProduktit], [DataKrijimit], [DataPerditsimit], [llojiTVSH]) VALUES (19, 19, 195, 38.75, 61.5, '1900-01-01T00:00:00.000Z', '2024-05-20T13:59:59.758Z', 18);
INSERT INTO [dbo].[TeDhenatProduktit] ([TeDhenatProduktitID], [ProduktiId], [SasiaNeStok], [QmimiBleres], [QmimiProduktit], [DataKrijimit], [DataPerditsimit], [llojiTVSH]) VALUES (20, 20, 238, 590.63, 787.5, '1900-01-01T00:00:00.000Z', '2024-05-20T13:58:40.994Z', 18);
INSERT INTO [dbo].[TeDhenatProduktit] ([TeDhenatProduktitID], [ProduktiId], [SasiaNeStok], [QmimiBleres], [QmimiProduktit], [DataKrijimit], [DataPerditsimit], [llojiTVSH]) VALUES (21, 21, 44, 921.55, 1316.5, '1900-01-01T00:00:00.000Z', '2024-05-20T13:57:29.347Z', 18);
INSERT INTO [dbo].[TeDhenatProduktit] ([TeDhenatProduktitID], [ProduktiId], [SasiaNeStok], [QmimiBleres], [QmimiProduktit], [DataKrijimit], [DataPerditsimit], [llojiTVSH]) VALUES (22, 22, 188, 2330.57, 3282.5, '1900-01-01T00:00:00.000Z', '2024-05-20T13:56:24.394Z', 18);
INSERT INTO [dbo].[TeDhenatProduktit] ([TeDhenatProduktitID], [ProduktiId], [SasiaNeStok], [QmimiBleres], [QmimiProduktit], [DataKrijimit], [DataPerditsimit], [llojiTVSH]) VALUES (23, 23, 72, 1042.47, 1579.5, '1900-01-01T00:00:00.000Z', '2024-05-20T23:31:02.035Z', 18);
INSERT INTO [dbo].[TeDhenatProduktit] ([TeDhenatProduktitID], [ProduktiId], [SasiaNeStok], [QmimiBleres], [QmimiProduktit], [DataKrijimit], [DataPerditsimit], [llojiTVSH]) VALUES (24, 24, 190, 443.61, 715.5, '1900-01-01T00:00:00.000Z', '2024-05-20T13:52:39.692Z', 18);
INSERT INTO [dbo].[TeDhenatProduktit] ([TeDhenatProduktitID], [ProduktiId], [SasiaNeStok], [QmimiBleres], [QmimiProduktit], [DataKrijimit], [DataPerditsimit], [llojiTVSH]) VALUES (25, 25, 165, 70.29, 106.5, '1900-01-01T00:00:00.000Z', '2024-05-20T13:50:20.610Z', 18);
INSERT INTO [dbo].[TeDhenatProduktit] ([TeDhenatProduktitID], [ProduktiId], [SasiaNeStok], [QmimiBleres], [QmimiProduktit], [DataKrijimit], [DataPerditsimit], [llojiTVSH]) VALUES (26, 26, 90, 15.02, 19.5, '1900-01-01T00:00:00.000Z', '2024-05-20T13:49:26.761Z', 18);
INSERT INTO [dbo].[TeDhenatProduktit] ([TeDhenatProduktitID], [ProduktiId], [SasiaNeStok], [QmimiBleres], [QmimiProduktit], [DataKrijimit], [DataPerditsimit], [llojiTVSH]) VALUES (27, 27, 185, 2243.67, 3399.5, '1900-01-01T00:00:00.000Z', '2024-05-20T13:48:25.522Z', 18);
INSERT INTO [dbo].[TeDhenatProduktit] ([TeDhenatProduktitID], [ProduktiId], [SasiaNeStok], [QmimiBleres], [QmimiProduktit], [DataKrijimit], [DataPerditsimit], [llojiTVSH]) VALUES (28, 28, 46, 74.91, 113.5, '1900-01-01T00:00:00.000Z', '2024-05-20T13:45:18.023Z', 18);
INSERT INTO [dbo].[TeDhenatProduktit] ([TeDhenatProduktitID], [ProduktiId], [SasiaNeStok], [QmimiBleres], [QmimiProduktit], [DataKrijimit], [DataPerditsimit], [llojiTVSH]) VALUES (29, 29, 111, 51.74, 65.5, '1900-01-01T00:00:00.000Z', '2024-05-20T13:44:09.208Z', 18);
INSERT INTO [dbo].[TeDhenatProduktit] ([TeDhenatProduktitID], [ProduktiId], [SasiaNeStok], [QmimiBleres], [QmimiProduktit], [DataKrijimit], [DataPerditsimit], [llojiTVSH]) VALUES (30, 30, 27, 63.13, 103.5, '1900-01-01T00:00:00.000Z', '2024-05-20T13:43:14.188Z', 18);
INSERT INTO [dbo].[TeDhenatProduktit] ([TeDhenatProduktitID], [ProduktiId], [SasiaNeStok], [QmimiBleres], [QmimiProduktit], [DataKrijimit], [DataPerditsimit], [llojiTVSH]) VALUES (31, 31, 146, 58.27, 92.5, '1900-01-01T00:00:00.000Z', '2024-05-20T13:42:29.016Z', 18);
INSERT INTO [dbo].[TeDhenatProduktit] ([TeDhenatProduktitID], [ProduktiId], [SasiaNeStok], [QmimiBleres], [QmimiProduktit], [DataKrijimit], [DataPerditsimit], [llojiTVSH]) VALUES (32, 32, 129, 2099.65, 2999.5, '1900-01-01T00:00:00.000Z', '2024-05-20T13:41:37.919Z', 18);
INSERT INTO [dbo].[TeDhenatProduktit] ([TeDhenatProduktitID], [ProduktiId], [SasiaNeStok], [QmimiBleres], [QmimiProduktit], [DataKrijimit], [DataPerditsimit], [llojiTVSH]) VALUES (33, 33, 70, 430.92, 598.5, '1900-01-01T00:00:00.000Z', '2024-05-20T13:40:37.830Z', 18);
INSERT INTO [dbo].[TeDhenatProduktit] ([TeDhenatProduktitID], [ProduktiId], [SasiaNeStok], [QmimiBleres], [QmimiProduktit], [DataKrijimit], [DataPerditsimit], [llojiTVSH]) VALUES (34, 34, 27, 104.67, 132.5, '1900-01-01T00:00:00.000Z', '2024-05-20T13:39:50.701Z', 18);
INSERT INTO [dbo].[TeDhenatProduktit] ([TeDhenatProduktitID], [ProduktiId], [SasiaNeStok], [QmimiBleres], [QmimiProduktit], [DataKrijimit], [DataPerditsimit], [llojiTVSH]) VALUES (35, 35, 35, 237.66, 349.5, '1900-01-01T00:00:00.000Z', '2024-05-20T13:38:49.016Z', 18);
INSERT INTO [dbo].[TeDhenatProduktit] ([TeDhenatProduktitID], [ProduktiId], [SasiaNeStok], [QmimiBleres], [QmimiProduktit], [DataKrijimit], [DataPerditsimit], [llojiTVSH]) VALUES (36, 36, 79, 639.68, 999.5, '1900-01-01T00:00:00.000Z', '2024-05-20T13:37:21.132Z', 18);
INSERT INTO [dbo].[TeDhenatProduktit] ([TeDhenatProduktitID], [ProduktiId], [SasiaNeStok], [QmimiBleres], [QmimiProduktit], [DataKrijimit], [DataPerditsimit], [llojiTVSH]) VALUES (37, 37, 136, 110.2, 139.5, '1900-01-01T00:00:00.000Z', '2024-05-20T23:43:51.012Z', 18);
INSERT INTO [dbo].[TeDhenatProduktit] ([TeDhenatProduktitID], [ProduktiId], [SasiaNeStok], [QmimiBleres], [QmimiProduktit], [DataKrijimit], [DataPerditsimit], [llojiTVSH]) VALUES (38, 38, 150, 94.5, 157.5, '1900-01-01T00:00:00.000Z', '2024-05-20T13:35:00.816Z', 18);
INSERT INTO [dbo].[TeDhenatProduktit] ([TeDhenatProduktitID], [ProduktiId], [SasiaNeStok], [QmimiBleres], [QmimiProduktit], [DataKrijimit], [DataPerditsimit], [llojiTVSH]) VALUES (39, 39, 218, 98.52, 161.5, '1900-01-01T00:00:00.000Z', '2024-05-20T01:29:04.543Z', 18);
INSERT INTO [dbo].[TeDhenatProduktit] ([TeDhenatProduktitID], [ProduktiId], [SasiaNeStok], [QmimiBleres], [QmimiProduktit], [DataKrijimit], [DataPerditsimit], [llojiTVSH]) VALUES (40, 40, 72, 70.25, 111.5, '1900-01-01T00:00:00.000Z', '2024-05-20T23:43:13.400Z', 18);
INSERT INTO [dbo].[TeDhenatProduktit] ([TeDhenatProduktitID], [ProduktiId], [SasiaNeStok], [QmimiBleres], [QmimiProduktit], [DataKrijimit], [DataPerditsimit], [llojiTVSH]) VALUES (41, 41, 28, 118.66, 169.51, '1900-01-01T00:00:00.000Z', '2024-05-20T01:26:32.211Z', 18);
INSERT INTO [dbo].[TeDhenatProduktit] ([TeDhenatProduktitID], [ProduktiId], [SasiaNeStok], [QmimiBleres], [QmimiProduktit], [DataKrijimit], [DataPerditsimit], [llojiTVSH]) VALUES (42, 42, 17, 82.72, 110.3, '1900-01-01T00:00:00.000Z', '2024-05-20T01:25:41.943Z', 18);
INSERT INTO [dbo].[TeDhenatProduktit] ([TeDhenatProduktitID], [ProduktiId], [SasiaNeStok], [QmimiBleres], [QmimiProduktit], [DataKrijimit], [DataPerditsimit], [llojiTVSH]) VALUES (43, 43, 208, 442.69, 623.5, '1900-01-01T00:00:00.000Z', '2024-05-20T01:24:52.758Z', 18);
INSERT INTO [dbo].[TeDhenatProduktit] ([TeDhenatProduktitID], [ProduktiId], [SasiaNeStok], [QmimiBleres], [QmimiProduktit], [DataKrijimit], [DataPerditsimit], [llojiTVSH]) VALUES (44, 44, 187, 36.9, 61.5, '1900-01-01T00:00:00.000Z', '2024-05-20T01:23:56.468Z', 18);
INSERT INTO [dbo].[TeDhenatProduktit] ([TeDhenatProduktitID], [ProduktiId], [SasiaNeStok], [QmimiBleres], [QmimiProduktit], [DataKrijimit], [DataPerditsimit], [llojiTVSH]) VALUES (45, 45, 11, 172.13, 229.5, '1900-01-01T00:00:00.000Z', '2024-05-20T01:22:51.266Z', 18);
INSERT INTO [dbo].[TeDhenatProduktit] ([TeDhenatProduktitID], [ProduktiId], [SasiaNeStok], [QmimiBleres], [QmimiProduktit], [DataKrijimit], [DataPerditsimit], [llojiTVSH]) VALUES (46, 46, 35, 118.8, 148.5, '1900-01-01T00:00:00.000Z', '2024-05-20T01:21:55.388Z', 18);
INSERT INTO [dbo].[TeDhenatProduktit] ([TeDhenatProduktitID], [ProduktiId], [SasiaNeStok], [QmimiBleres], [QmimiProduktit], [DataKrijimit], [DataPerditsimit], [llojiTVSH]) VALUES (47, 47, 230, 105.44, 148.5, '1900-01-01T00:00:00.000Z', '2024-05-20T01:20:50.099Z', 18);
INSERT INTO [dbo].[TeDhenatProduktit] ([TeDhenatProduktitID], [ProduktiId], [SasiaNeStok], [QmimiBleres], [QmimiProduktit], [DataKrijimit], [DataPerditsimit], [llojiTVSH]) VALUES (48, 48, 75, 49.34, 69.5, '1900-01-01T00:00:00.000Z', '2024-05-20T01:19:30.529Z', 18);
INSERT INTO [dbo].[TeDhenatProduktit] ([TeDhenatProduktitID], [ProduktiId], [SasiaNeStok], [QmimiBleres], [QmimiProduktit], [DataKrijimit], [DataPerditsimit], [llojiTVSH]) VALUES (49, 49, 45, 14.19, 21.5, '1900-01-01T00:00:00.000Z', '2024-05-20T01:18:30.582Z', 18);
INSERT INTO [dbo].[TeDhenatProduktit] ([TeDhenatProduktitID], [ProduktiId], [SasiaNeStok], [QmimiBleres], [QmimiProduktit], [DataKrijimit], [DataPerditsimit], [llojiTVSH]) VALUES (50, 50, 11, 89.3, 117.5, '1900-01-01T00:00:00.000Z', '2024-05-20T01:17:09.908Z', 18);
INSERT INTO [dbo].[TeDhenatProduktit] ([TeDhenatProduktitID], [ProduktiId], [SasiaNeStok], [QmimiBleres], [QmimiProduktit], [DataKrijimit], [DataPerditsimit], [llojiTVSH]) VALUES (51, 51, 235, 12.58, 18.5, '1900-01-01T00:00:00.000Z', '2024-05-20T01:16:20.010Z', 18);
INSERT INTO [dbo].[TeDhenatProduktit] ([TeDhenatProduktitID], [ProduktiId], [SasiaNeStok], [QmimiBleres], [QmimiProduktit], [DataKrijimit], [DataPerditsimit], [llojiTVSH]) VALUES (52, 52, 125, 20.95, 29.5, '1900-01-01T00:00:00.000Z', '2024-05-20T01:15:19.336Z', 18);
INSERT INTO [dbo].[TeDhenatProduktit] ([TeDhenatProduktitID], [ProduktiId], [SasiaNeStok], [QmimiBleres], [QmimiProduktit], [DataKrijimit], [DataPerditsimit], [llojiTVSH]) VALUES (53, 53, 160, 39.86, 59.5, '1900-01-01T00:00:00.000Z', '2024-05-20T01:14:16.906Z', 18);
INSERT INTO [dbo].[TeDhenatProduktit] ([TeDhenatProduktitID], [ProduktiId], [SasiaNeStok], [QmimiBleres], [QmimiProduktit], [DataKrijimit], [DataPerditsimit], [llojiTVSH]) VALUES (54, 54, 222, 37.48, 59.5, '1900-01-01T00:00:00.000Z', '2024-05-20T01:13:48.080Z', 18);
INSERT INTO [dbo].[TeDhenatProduktit] ([TeDhenatProduktitID], [ProduktiId], [SasiaNeStok], [QmimiBleres], [QmimiProduktit], [DataKrijimit], [DataPerditsimit], [llojiTVSH]) VALUES (55, 55, 29, 23.45, 33.5, '1900-01-01T00:00:00.000Z', '2024-05-20T01:12:46.967Z', 18);
INSERT INTO [dbo].[TeDhenatProduktit] ([TeDhenatProduktitID], [ProduktiId], [SasiaNeStok], [QmimiBleres], [QmimiProduktit], [DataKrijimit], [DataPerditsimit], [llojiTVSH]) VALUES (56, 56, 30, 12.77, 18.5, '1900-01-01T00:00:00.000Z', '2024-05-20T01:11:38.652Z', 18);
INSERT INTO [dbo].[TeDhenatProduktit] ([TeDhenatProduktitID], [ProduktiId], [SasiaNeStok], [QmimiBleres], [QmimiProduktit], [DataKrijimit], [DataPerditsimit], [llojiTVSH]) VALUES (57, 57, 115, 290.52, 403.5, '1900-01-01T00:00:00.000Z', '2024-05-20T01:11:01.343Z', 18);
INSERT INTO [dbo].[TeDhenatProduktit] ([TeDhenatProduktitID], [ProduktiId], [SasiaNeStok], [QmimiBleres], [QmimiProduktit], [DataKrijimit], [DataPerditsimit], [llojiTVSH]) VALUES (58, 58, 109, 1067.68, 1351.5, '1900-01-01T00:00:00.000Z', '2024-05-20T01:10:23.823Z', 18);
INSERT INTO [dbo].[TeDhenatProduktit] ([TeDhenatProduktitID], [ProduktiId], [SasiaNeStok], [QmimiBleres], [QmimiProduktit], [DataKrijimit], [DataPerditsimit], [llojiTVSH]) VALUES (59, 59, 60, 8.28, 11.5, '1900-01-01T00:00:00.000Z', '2024-05-20T23:41:40.270Z', 18);
INSERT INTO [dbo].[TeDhenatProduktit] ([TeDhenatProduktitID], [ProduktiId], [SasiaNeStok], [QmimiBleres], [QmimiProduktit], [DataKrijimit], [DataPerditsimit], [llojiTVSH]) VALUES (60, 60, 133, 841.7, 1185.5, '1900-01-01T00:00:00.000Z', '2024-05-20T01:08:30.441Z', 18);
INSERT INTO [dbo].[TeDhenatProduktit] ([TeDhenatProduktitID], [ProduktiId], [SasiaNeStok], [QmimiBleres], [QmimiProduktit], [DataKrijimit], [DataPerditsimit], [llojiTVSH]) VALUES (61, 61, 148, 59.67, 76.5, '1900-01-01T00:00:00.000Z', '2024-05-20T01:07:03.964Z', 18);
INSERT INTO [dbo].[TeDhenatProduktit] ([TeDhenatProduktitID], [ProduktiId], [SasiaNeStok], [QmimiBleres], [QmimiProduktit], [DataKrijimit], [DataPerditsimit], [llojiTVSH]) VALUES (62, 62, 91, 327.21, 419.5, '1900-01-01T00:00:00.000Z', '2024-05-20T01:05:53.247Z', 18);
INSERT INTO [dbo].[TeDhenatProduktit] ([TeDhenatProduktitID], [ProduktiId], [SasiaNeStok], [QmimiBleres], [QmimiProduktit], [DataKrijimit], [DataPerditsimit], [llojiTVSH]) VALUES (63, 63, 10, 17.32, 27.5, '1900-01-01T00:00:00.000Z', '2024-05-20T23:46:48.135Z', 18);
INSERT INTO [dbo].[TeDhenatProduktit] ([TeDhenatProduktitID], [ProduktiId], [SasiaNeStok], [QmimiBleres], [QmimiProduktit], [DataKrijimit], [DataPerditsimit], [llojiTVSH]) VALUES (64, 64, 215, 1263.61, 1599.5, '1900-01-01T00:00:00.000Z', '2024-05-20T23:42:07.031Z', 18);
INSERT INTO [dbo].[TeDhenatProduktit] ([TeDhenatProduktitID], [ProduktiId], [SasiaNeStok], [QmimiBleres], [QmimiProduktit], [DataKrijimit], [DataPerditsimit], [llojiTVSH]) VALUES (65, 65, 240, 238.31, 309.5, '1900-01-01T00:00:00.000Z', '2024-05-20T01:01:40.044Z', 18);
INSERT INTO [dbo].[TeDhenatProduktit] ([TeDhenatProduktitID], [ProduktiId], [SasiaNeStok], [QmimiBleres], [QmimiProduktit], [DataKrijimit], [DataPerditsimit], [llojiTVSH]) VALUES (66, 66, 135, 244.44, 339.5, '1900-01-01T00:00:00.000Z', '2024-05-20T01:00:26.516Z', 18);
INSERT INTO [dbo].[TeDhenatProduktit] ([TeDhenatProduktitID], [ProduktiId], [SasiaNeStok], [QmimiBleres], [QmimiProduktit], [DataKrijimit], [DataPerditsimit], [llojiTVSH]) VALUES (67, 67, 202, 19.5, 32.5, '1900-01-01T00:00:00.000Z', '2024-05-20T23:50:12.435Z', 18);
INSERT INTO [dbo].[TeDhenatProduktit] ([TeDhenatProduktitID], [ProduktiId], [SasiaNeStok], [QmimiBleres], [QmimiProduktit], [DataKrijimit], [DataPerditsimit], [llojiTVSH]) VALUES (68, 68, 34, 254.53, 358.5, '1900-01-01T00:00:00.000Z', '2024-05-20T00:57:18.598Z', 18);
INSERT INTO [dbo].[TeDhenatProduktit] ([TeDhenatProduktitID], [ProduktiId], [SasiaNeStok], [QmimiBleres], [QmimiProduktit], [DataKrijimit], [DataPerditsimit], [llojiTVSH]) VALUES (69, 69, 103, 13.46, 19.5, '1900-01-01T00:00:00.000Z', '2024-05-20T17:36:45.864Z', 18);
INSERT INTO [dbo].[TeDhenatProduktit] ([TeDhenatProduktitID], [ProduktiId], [SasiaNeStok], [QmimiBleres], [QmimiProduktit], [DataKrijimit], [DataPerditsimit], [llojiTVSH]) VALUES (70, 70, 35, 115.15, 164.5, '1900-01-01T00:00:00.000Z', '2024-05-20T23:41:40.289Z', 18);
INSERT INTO [dbo].[TeDhenatProduktit] ([TeDhenatProduktitID], [ProduktiId], [SasiaNeStok], [QmimiBleres], [QmimiProduktit], [DataKrijimit], [DataPerditsimit], [llojiTVSH]) VALUES (71, 71, 188, 301.16, 449.5, '1900-01-01T00:00:00.000Z', '2024-05-20T00:54:00.576Z', 18);
INSERT INTO [dbo].[TeDhenatProduktit] ([TeDhenatProduktitID], [ProduktiId], [SasiaNeStok], [QmimiBleres], [QmimiProduktit], [DataKrijimit], [DataPerditsimit], [llojiTVSH]) VALUES (72, 72, 97, 257.01, 329.5, '1900-01-01T00:00:00.000Z', '2024-05-20T00:53:18.125Z', 18);
INSERT INTO [dbo].[TeDhenatProduktit] ([TeDhenatProduktitID], [ProduktiId], [SasiaNeStok], [QmimiBleres], [QmimiProduktit], [DataKrijimit], [DataPerditsimit], [llojiTVSH]) VALUES (73, 73, 102, 4.42, 6.5, '1900-01-01T00:00:00.000Z', '2024-05-20T00:52:04.500Z', 18);
INSERT INTO [dbo].[TeDhenatProduktit] ([TeDhenatProduktitID], [ProduktiId], [SasiaNeStok], [QmimiBleres], [QmimiProduktit], [DataKrijimit], [DataPerditsimit], [llojiTVSH]) VALUES (74, 74, 116, 108.95, 141.5, '1900-01-01T00:00:00.000Z', '2024-05-20T00:51:32.669Z', 18);
INSERT INTO [dbo].[TeDhenatProduktit] ([TeDhenatProduktitID], [ProduktiId], [SasiaNeStok], [QmimiBleres], [QmimiProduktit], [DataKrijimit], [DataPerditsimit], [llojiTVSH]) VALUES (75, 75, 173, 3.38, 4.5, '1900-01-01T00:00:00.000Z', '2024-05-20T23:31:02.030Z', 18);
INSERT INTO [dbo].[TeDhenatProduktit] ([TeDhenatProduktitID], [ProduktiId], [SasiaNeStok], [QmimiBleres], [QmimiProduktit], [DataKrijimit], [DataPerditsimit], [llojiTVSH]) VALUES (76, 76, 54, 11.89, 19.5, '1900-01-01T00:00:00.000Z', '2024-05-20T23:44:56.394Z', 18);
INSERT INTO [dbo].[TeDhenatProduktit] ([TeDhenatProduktitID], [ProduktiId], [SasiaNeStok], [QmimiBleres], [QmimiProduktit], [DataKrijimit], [DataPerditsimit], [llojiTVSH]) VALUES (77, 77, 34, 111.78, 141.5, '1900-01-01T00:00:00.000Z', '2024-05-20T00:49:07.476Z', 18);
INSERT INTO [dbo].[TeDhenatProduktit] ([TeDhenatProduktitID], [ProduktiId], [SasiaNeStok], [QmimiBleres], [QmimiProduktit], [DataKrijimit], [DataPerditsimit], [llojiTVSH]) VALUES (78, 78, 236, 21.54, 29.5, '1900-01-01T00:00:00.000Z', '2024-05-20T23:31:02.002Z', 18);
INSERT INTO [dbo].[TeDhenatProduktit] ([TeDhenatProduktitID], [ProduktiId], [SasiaNeStok], [QmimiBleres], [QmimiProduktit], [DataKrijimit], [DataPerditsimit], [llojiTVSH]) VALUES (79, 79, 149, 38.75, 62.5, '1900-01-01T00:00:00.000Z', '2024-05-20T23:39:50.742Z', 18);
INSERT INTO [dbo].[TeDhenatProduktit] ([TeDhenatProduktitID], [ProduktiId], [SasiaNeStok], [QmimiBleres], [QmimiProduktit], [DataKrijimit], [DataPerditsimit], [llojiTVSH]) VALUES (80, 80, 33, 5.55, 7.5, '1900-01-01T00:00:00.000Z', '2024-05-20T23:39:50.771Z', 18);
INSERT INTO [dbo].[TeDhenatProduktit] ([TeDhenatProduktitID], [ProduktiId], [SasiaNeStok], [QmimiBleres], [QmimiProduktit], [DataKrijimit], [DataPerditsimit], [llojiTVSH]) VALUES (81, 81, 43, 2.34, 3.5, '1900-01-01T00:00:00.000Z', '2024-05-20T00:41:18.653Z', 18);
INSERT INTO [dbo].[TeDhenatProduktit] ([TeDhenatProduktitID], [ProduktiId], [SasiaNeStok], [QmimiBleres], [QmimiProduktit], [DataKrijimit], [DataPerditsimit], [llojiTVSH]) VALUES (82, 82, 146, 11.66, 18.5, '1900-01-01T00:00:00.000Z', '2024-05-20T17:36:22.629Z', 18);
INSERT INTO [dbo].[TeDhenatProduktit] ([TeDhenatProduktitID], [ProduktiId], [SasiaNeStok], [QmimiBleres], [QmimiProduktit], [DataKrijimit], [DataPerditsimit], [llojiTVSH]) VALUES (83, 83, 47, 26.46, 33.5, '1900-01-01T00:00:00.000Z', '2024-05-20T16:25:08.265Z', 18);
SET IDENTITY_INSERT [dbo].[TeDhenatProduktit] OFF;
SET IDENTITY_INSERT [dbo].[TeDhenatShporta] ON;
INSERT INTO [dbo].[TeDhenatShporta] ([TeDhenatShportaID], [ShportaID], [ProduktiID], [SasiaProduktit], [KohaEVendosjesNeShportes], [QmimiPorduktit]) VALUES (9, 4, 78, 1, '2024-05-20T23:40:13.182Z', 29.5);
INSERT INTO [dbo].[TeDhenatShporta] ([TeDhenatShportaID], [ShportaID], [ProduktiID], [SasiaProduktit], [KohaEVendosjesNeShportes], [QmimiPorduktit]) VALUES (13, 5, 34, 1, '2024-05-20T23:42:15.573Z', 132.5);
INSERT INTO [dbo].[TeDhenatShporta] ([TeDhenatShportaID], [ShportaID], [ProduktiID], [SasiaProduktit], [KohaEVendosjesNeShportes], [QmimiPorduktit]) VALUES (19, 7, 38, 1, '2024-05-20T23:45:10.477Z', 157.5);
INSERT INTO [dbo].[TeDhenatShporta] ([TeDhenatShportaID], [ShportaID], [ProduktiID], [SasiaProduktit], [KohaEVendosjesNeShportes], [QmimiPorduktit]) VALUES (22, 9, 83, 1, '2024-05-20T23:47:23.291Z', 33.5);
INSERT INTO [dbo].[TeDhenatShporta] ([TeDhenatShportaID], [ShportaID], [ProduktiID], [SasiaProduktit], [KohaEVendosjesNeShportes], [QmimiPorduktit]) VALUES (23, 9, 74, 1, '2024-05-20T23:47:26.308Z', 141.5);
INSERT INTO [dbo].[TeDhenatShporta] ([TeDhenatShportaID], [ShportaID], [ProduktiID], [SasiaProduktit], [KohaEVendosjesNeShportes], [QmimiPorduktit]) VALUES (24, 9, 68, 1, '2024-05-20T23:49:23.452Z', 358.5);
SET IDENTITY_INSERT [dbo].[TeDhenatShporta] OFF;
SET IDENTITY_INSERT [dbo].[ZbritjaQmimitProduktit] ON;
INSERT INTO [dbo].[ZbritjaQmimitProduktit] ([ZbritjaID], [ProduktiId], [QmimiPaZbritjeProduktit], [QmimiMeZbritjeProduktit], [DataZbritjes], [DataSkadimit]) VALUES (1, 82, 18.5, 16.3, '2024-05-21T01:25:08.294Z', '2024-09-13T00:00:00.000Z');
INSERT INTO [dbo].[ZbritjaQmimitProduktit] ([ZbritjaID], [ProduktiId], [QmimiPaZbritjeProduktit], [QmimiMeZbritjeProduktit], [DataZbritjes], [DataSkadimit]) VALUES (2, 32, 2999.5, 2888.89, '2024-05-21T01:25:26.723Z', '2024-11-06T00:00:00.000Z');
INSERT INTO [dbo].[ZbritjaQmimitProduktit] ([ZbritjaID], [ProduktiId], [QmimiPaZbritjeProduktit], [QmimiMeZbritjeProduktit], [DataZbritjes], [DataSkadimit]) VALUES (3, 7, 58.5, 51, '2024-05-21T01:25:46.770Z', '2024-11-19T00:00:00.000Z');
INSERT INTO [dbo].[ZbritjaQmimitProduktit] ([ZbritjaID], [ProduktiId], [QmimiPaZbritjeProduktit], [QmimiMeZbritjeProduktit], [DataZbritjes], [DataSkadimit]) VALUES (4, 47, 148.5, 130.68, '2024-05-30T23:41:58.600Z', '2024-06-30T00:00:00.000Z');
INSERT INTO [dbo].[ZbritjaQmimitProduktit] ([ZbritjaID], [ProduktiId], [QmimiPaZbritjeProduktit], [QmimiMeZbritjeProduktit], [DataZbritjes], [DataSkadimit]) VALUES (5, 5, 1904.5, 1809.27, '2024-05-30T23:42:13.813Z', '2024-06-04T00:00:00.000Z');
INSERT INTO [dbo].[ZbritjaQmimitProduktit] ([ZbritjaID], [ProduktiId], [QmimiPaZbritjeProduktit], [QmimiMeZbritjeProduktit], [DataZbritjes], [DataSkadimit]) VALUES (6, 63, 27.5, 21.18, '2024-05-30T23:42:31.671Z', '2024-08-11T00:00:00.000Z');
INSERT INTO [dbo].[ZbritjaQmimitProduktit] ([ZbritjaID], [ProduktiId], [QmimiPaZbritjeProduktit], [QmimiMeZbritjeProduktit], [DataZbritjes], [DataSkadimit]) VALUES (7, 62, 419.5, 411.11, '2024-05-30T23:43:27.586Z', '2024-06-11T00:00:00.000Z');
INSERT INTO [dbo].[ZbritjaQmimitProduktit] ([ZbritjaID], [ProduktiId], [QmimiPaZbritjeProduktit], [QmimiMeZbritjeProduktit], [DataZbritjes], [DataSkadimit]) VALUES (8, 57, 403.5, 355.08, '2024-05-30T23:43:45.313Z', '2024-07-22T00:00:00.000Z');
INSERT INTO [dbo].[ZbritjaQmimitProduktit] ([ZbritjaID], [ProduktiId], [QmimiPaZbritjeProduktit], [QmimiMeZbritjeProduktit], [DataZbritjes], [DataSkadimit]) VALUES (9, 48, 69.5, 53.52, '2024-05-30T23:43:54.245Z', '2024-06-07T00:00:00.000Z');
INSERT INTO [dbo].[ZbritjaQmimitProduktit] ([ZbritjaID], [ProduktiId], [QmimiPaZbritjeProduktit], [QmimiMeZbritjeProduktit], [DataZbritjes], [DataSkadimit]) VALUES (10, 73, 6.5, 6.37, '2024-05-30T23:51:21.953Z', '2024-07-25T00:00:00.000Z');
INSERT INTO [dbo].[ZbritjaQmimitProduktit] ([ZbritjaID], [ProduktiId], [QmimiPaZbritjeProduktit], [QmimiMeZbritjeProduktit], [DataZbritjes], [DataSkadimit]) VALUES (11, 79, 62.5, 50.63, '2024-05-30T23:51:28.360Z', '2024-07-29T00:00:00.000Z');
INSERT INTO [dbo].[ZbritjaQmimitProduktit] ([ZbritjaID], [ProduktiId], [QmimiPaZbritjeProduktit], [QmimiMeZbritjeProduktit], [DataZbritjes], [DataSkadimit]) VALUES (12, 68, 358.5, 351.33, '2024-05-30T23:51:47.030Z', '2024-08-24T00:00:00.000Z');
INSERT INTO [dbo].[ZbritjaQmimitProduktit] ([ZbritjaID], [ProduktiId], [QmimiPaZbritjeProduktit], [QmimiMeZbritjeProduktit], [DataZbritjes], [DataSkadimit]) VALUES (13, 74, 141.5, 124.52, '2024-05-30T23:52:30.116Z', '2024-06-11T00:00:00.000Z');
INSERT INTO [dbo].[ZbritjaQmimitProduktit] ([ZbritjaID], [ProduktiId], [QmimiPaZbritjeProduktit], [QmimiMeZbritjeProduktit], [DataZbritjes], [DataSkadimit]) VALUES (14, 50, 117.5, 96.35, '2024-05-30T23:52:37.035Z', '2024-07-14T00:00:00.000Z');
INSERT INTO [dbo].[ZbritjaQmimitProduktit] ([ZbritjaID], [ProduktiId], [QmimiPaZbritjeProduktit], [QmimiMeZbritjeProduktit], [DataZbritjes], [DataSkadimit]) VALUES (15, 80, 7.5, 6.97, '2024-05-30T23:52:50.454Z', '2024-07-31T00:00:00.000Z');
INSERT INTO [dbo].[ZbritjaQmimitProduktit] ([ZbritjaID], [ProduktiId], [QmimiPaZbritjeProduktit], [QmimiMeZbritjeProduktit], [DataZbritjes], [DataSkadimit]) VALUES (16, 67, 32.5, 29.25, '2024-05-30T23:53:00.310Z', '2024-07-02T00:00:00.000Z');
INSERT INTO [dbo].[ZbritjaQmimitProduktit] ([ZbritjaID], [ProduktiId], [QmimiPaZbritjeProduktit], [QmimiMeZbritjeProduktit], [DataZbritjes], [DataSkadimit]) VALUES (17, 66, 339.5, 325.92, '2024-05-30T23:53:13.348Z', '2024-08-11T00:00:00.000Z');
SET IDENTITY_INSERT [dbo].[ZbritjaQmimitProduktit] OFF;
UPDATE [dbo].[TeDhenatBiznesit]
SET [EmriIBiznesit] = 'InfinitMarket Online SH.P.K.',
    [ShkurtesaEmritBiznesit] = 'INF',
    [NUI] = 810300575,
    [NF] = 600043674,
    [NRTVSH] = 330034372,
    [Adresa] = 'Agim Bajrami, Kaçanik, Kosove 71000',
    [NrKontaktit] = '+38343123123',
    [Email] = 'info@infinitmarket.com',
    [Logo] = 'bb08a6a4f4834f3f8109d1666908ba3a.png'
WHERE [IDTeDhenatBiznesit] = 1;
